chunk_id,document_id,document_title,filename,source_url,doc_type,topic,chunk_order,chunk_text
1,1,Академический отпуск (основная информация),academic_leave_main.txt,https://www.hse.ru/studyspravka/academotpusk/,web,academic_leave,1,"Академический отпуск
Академический отпуск — временное освобождение студента от обучения.
Основания:
- медицинские показания;
- семейные обстоятельства;
- иные уважительные причины.
Для оформления необходимо:
- подать заявление;
- предоставить подтверждающие документы.
Срок отпуска:
- определяется индивидуально;
- может быть продлен.
Во время академического отпуска:
- студент сохраняет статус обучающегося;
- обучение временно приостанавливается.
Выход из академического отпуска:
- осуществляется по заявлению студента;
- студент возвращается к обучению."
2,2,Правила внутреннего распорядка,education_rules.docx,internal,regulation,education_rules,1,"Приложение
к приказу НИУ ВШЭ
от 6.18.1-01/2207-16
от 22.07.2016
УТВЕРЖДЕНЫ
ученым советом НИУ ВШЭ протокол от 24.06.2016 № 07
с изменениями,
утвержденными ученым советом НИУ ВШЭ 07.04.2017, протокол № 04, внесенными приказом НИУ ВШЭ от 18.04.2017 № 6.18.1-01/1804-12;
утвержденными ученым советом НИУ ВШЭ 24.11.2017, протокол № 11, внесенными приказом НИУ ВШЭ от 08.12.2017 № 6.18.1-01/0812-02;
утвержденными ученым советом НИУ ВШЭ 26.04.2019, протокол № 6, внесенными приказом НИУ ВШЭ от 23.05.2019 № 6.18.1-01/2305-08;
утвержденными ученым советом НИУ ВШЭ 27.09.2019, протокол № 13, внесенными приказом НИУ ВШЭ от 21.10.2019 № 6.18.1-01/2110-05;
утвержденными ученым советом НИУ ВШЭ 24.01.2020, протокол № 1, внесенными приказом НИУ ВШЭ от 04.02.2020 № 6.18.1-01/0402-08;
утвержденными ученым советом НИУ ВШЭ 19.08.2020, протокол № 12, внесенными приказом НИУ ВШЭ от 26.08.2020 № 6.18.1-01/2608-10;
утвержденными ученым советом НИУ ВШЭ 31.01.2024, протокол № 02, внесенными приказом НИУ ВШЭ от 13.02.2024 № 6.18-01/130224-4
ПРАВИЛА ВНУТРЕННЕГО РАСПОРЯДКА ОБУЧАЮЩИХСЯ
ОБЩИЕ ПОЛОЖЕНИЯ
К обучающимся, на которых распространяются Правила, относятся учащиеся, студенты, аспиранты, слушатели и другие"
3,2,Правила внутреннего распорядка,education_rules.docx,internal,regulation,education_rules,2,"13.02.2024 № 6.18-01/130224-4
ПРАВИЛА ВНУТРЕННЕГО РАСПОРЯДКА ОБУЧАЮЩИХСЯ
ОБЩИЕ ПОЛОЖЕНИЯ
К обучающимся, на которых распространяются Правила, относятся учащиеся, студенты, аспиранты, слушатели и другие категории обучающихся университета, включая его филиалы, независимо от их гражданства. Действие Правил распространяется также на лиц, прикрепленных для прохождения промежуточной аттестации, и лиц, прикрепленных для подготовки диссертации на соискание ученой степени кандидата наук без освоения программ подготовки научно-педагогических кадров в аспирантуре, включая филиалы (в той части, в которой Правила распространяются на аспирантов).
Правила являются локальным нормативным актом университета, регламентирующим права, обязанности и ответственность обучающихся, применяемые к обучающимся меры поощрения и взыскания, а также иные вопросы обеспечения порядка в НИУ ВШЭ.
Правила и изменения к ним утверждаются ученым советом университета с учетом мнения соответственно Студенческого совета университета, Совета учащихся Лицея НИУ ВШЭ, совета родителей (законных представителей) несовершеннолетних обучающихся) университета, в зависимости от того, права какой категории обучающих они затрагивают, и"
4,2,Правила внутреннего распорядка,education_rules.docx,internal,regulation,education_rules,3,"итета, Совета учащихся Лицея НИУ ВШЭ, совета родителей (законных представителей) несовершеннолетних обучающихся) университета, в зависимости от того, права какой категории обучающих они затрагивают, и доводятся до всеобщего сведения путем размещения на корпоративном сайте (портале) университета в сети Интернет.
Дополнительные права и обязанности обучающихся, обусловленные проживанием в студенческом общежитии (арендном доме, гостинице) и (или) пребыванием на его (ее) территории, а также порядок привлечения к дисциплинарной ответственности обучающихся за нарушения, связанные с проживанием в студенческом общежитии (арендном доме, гостинице) и (или) пребыванием на его территории, устанавливаются правилами внутреннего распорядка студенческого общежития или правилами проживания в арендном доме либо гостинице, утверждаемыми в установленном в НИУ ВШЭ порядке.
Правила обязательны для исполнения всеми обучающимися университета в части, соответствующей их правовому положению, согласно законодательству Российской Федерации.
В вопросах, не урегулированных Правилами, университет действует в соответствии с законодательством Российской Федерации и локальными нормативными актами"
5,2,Правила внутреннего распорядка,education_rules.docx,internal,regulation,education_rules,4,"согласно законодательству Российской Федерации.
В вопросах, не урегулированных Правилами, университет действует в соответствии с законодательством Российской Федерации и локальными нормативными актами университета.
1.8. Порядок привлечения обучающихся НИУ ВШЭ к дисциплинарной ответственности (приложение) является неотъемлемой частью Правил.
ОРГАНИЗАЦИЯ ОБРАЗОВАТЕЛЬНОЙ ДЕЯТЕЛЬНОСТИ
(исключен на основании приказа от 13.02.2024 № 6.18-01/130224-4)
3. ПРАВА И ОБЯЗАННОСТИ ОБУЧАЮЩИХСЯ
3.1. Обучающиеся университета имеют право на уважение их человеческого достоинства, защиту от всех форм физического и психического насилия, оскорбления личности, охрану жизни и здоровья, свободу совести, информации, свободное выражение собственного мнения и убеждений.
3.2. Обучающимся университета (в соответствии с категорией обучающихся) предоставляются академические права на:
3.2.1. получение:
высшего образования по выбранной образовательной программе;
основного общего, среднего общего образования в пределах федеральных государственных образовательных стандартов и соответствующими федеральными основными общеобразовательными программами;
дополнительного образования по дополнительным общеобразовательным"
6,2,Правила внутреннего распорядка,education_rules.docx,internal,regulation,education_rules,5,"лах федеральных государственных образовательных стандартов и соответствующими федеральными основными общеобразовательными программами;
дополнительного образования по дополнительным общеобразовательным программам, а также дополнительным профессиональным программам;
иных образовательных услуг, оказываемых университетом в соответствии с его уставом.
3.2.2. обучение по индивидуальному учебному плану, в том числе ускоренное обучение, в пределах осваиваемой образовательной программы в порядке, установленном законодательством Российской Федерации и локальными нормативными актами университета;
3.2.3. участие в формировании содержания своего образования путем выбора из предлагаемых университетом учебных дисциплин и иных элементов реализуемых образовательных программ в соответствии с локальными нормативными актами, участия в студенческой оценке преподавания и предложения изменений в содержание учебных дисциплин в рамках осваиваемых ими образовательных программ через Студенческий совет НИУ ВШЭ (в том числе студенческие советы факультетов НИУ ВШЭ, студенческие советы филиалов НИУ ВШЭ, Совет Объединения иностранных студентов НИУ ВШЭ, Совет аспирантов НИУ ВШЭ), советы учащихся лицеев НИУ"
7,2,Правила внутреннего распорядка,education_rules.docx,internal,regulation,education_rules,6,"У ВШЭ (в том числе студенческие советы факультетов НИУ ВШЭ, студенческие советы филиалов НИУ ВШЭ, Совет Объединения иностранных студентов НИУ ВШЭ, Совет аспирантов НИУ ВШЭ), советы учащихся лицеев НИУ ВШЭ;
3.2.4. выбор факультативных (необязательных для данной образовательной программы) и вариативных (выбор которых обучающиеся должны осуществить) дисциплин, модулей, предметов из перечня, предлагаемого университетом;
3.2.5. освоение наряду с дисциплинами, модулями, предметами по осваиваемой образовательной программе любых других дисциплин, модулей, предметов, преподаваемых в университете, в порядке, установленном университетом, а также преподаваемых в других организациях, осуществляющих образовательную деятельность, учебных предметов, курсов, дисциплин/модулей, одновременное освоение нескольких образовательных программ;
3.2.6. зачет университетом в установленном им порядке результатов освоения обучающимися учебных курсов, дисциплин, модулей, предметов, практики, дополнительных образовательных программ (соответствующего уровня) в других организациях, осуществляющих образовательную деятельность;
3.2.7. перевод в другую образовательную организацию в порядке, установленном"
8,2,Правила внутреннего распорядка,education_rules.docx,internal,regulation,education_rules,7,"ьных образовательных программ (соответствующего уровня) в других организациях, осуществляющих образовательную деятельность;
3.2.7. перевод в другую образовательную организацию в порядке, установленном законодательством Российской Федерации;
3.2.8. ознакомление с лицензией на осуществление образовательной деятельности, свидетельством о государственной аккредитации НИУ ВШЭ, с уставом НИУ ВШЭ, с образовательной программой и иной учебной документацией, другими документами, регламентирующими организацию и осуществление образовательной деятельности в университете;
3.2.10. обжалование приказов и распоряжений университета в порядке, установленном законодательством Российской Федерации;
3.2.11. бесплатное пользование библиотечно-информационными ресурсами, учебной, производственной, научной базой университета;
3.2.12. пользование в порядке, установленном локальными нормативными актами университета, лечебно-оздоровительной инфраструктурой, объектами культуры и объектами спорта университета;
3.2.13. участие в конференциях и симпозиумах, конкурсах научных работ, организуемых университетом, в соответствии с установленным в университете порядком;
3.2.14. опубликование своих работ в изданиях"
9,2,Правила внутреннего распорядка,education_rules.docx,internal,regulation,education_rules,8,"3.2.13. участие в конференциях и симпозиумах, конкурсах научных работ, организуемых университетом, в соответствии с установленным в университете порядком;
3.2.14. опубликование своих работ в изданиях университета, а также на корпоративном сайте (портале) университета на бесплатной основе, в порядке, установленном локальными нормативными актами НИУ ВШЭ;
3.2.15. направление для обучения и проведения научных исследований по избранным темам, прохождения стажировок, в том числе в рамках академического обмена, в другие образовательные организации и научные организации, включая образовательные и научные организации иностранных государств;
3.2.16. поощрение за успехи в учебной, физкультурной, спортивной, общественной, научной, научно-технической, творческой, экспериментальной и инновационной деятельности;
3.2.17. участие в управлении университетом в порядке, установленном уставом НИУ ВШЭ;
3.2.18. участие в обсуждении и решении вопросов, относящихся к деятельности университета, в том числе совместно с органами студенческого (лицейского) самоуправления университета и органами управления университета;
3.2.19. на переход с платного обучения на обучение за счет средств бюджетных ассигнований"
10,2,Правила внутреннего распорядка,education_rules.docx,internal,regulation,education_rules,9,"совместно с органами студенческого (лицейского) самоуправления университета и органами управления университета;
3.2.19. на переход с платного обучения на обучение за счет средств бюджетных ассигнований федерального бюджета либо за счет собственных средств НИУ ВШЭ в случаях и в порядке, установленных законодательством Российской Федерации;
3.2.20. участие в соответствии с законодательством Российской Федерации в научно-исследовательской, научно-технической, экспериментальной и инновационной деятельности, осуществляемой университетом, под руководством педагогических, научных или административных работников университета;
3.2.21. на перевод для получения образования по другой образовательной программе, в порядке, установленном законодательством Российской Федерации и локальными нормативными актами университета;
3.2.22. на восстановление для получения образования в университете в порядке, установленном законодательством Российской Федерации и локальными нормативными актами НИУ ВШЭ;
3.2.23. на отсрочку от призыва на военную службу, предоставляемую в соответствии с Федеральным законом «О воинской обязанности и военной службе»;
3.2.24. на академический отпуск в порядке и по основаниям,"
11,2,Правила внутреннего распорядка,education_rules.docx,internal,regulation,education_rules,10,"23. на отсрочку от призыва на военную службу, предоставляемую в соответствии с Федеральным законом «О воинской обязанности и военной службе»;
3.2.24. на академический отпуск в порядке и по основаниям, установленным законодательством Российской Федерации и локальными нормативными актами НИУ ВШЭ, а также отпуск по беременности и родам, отпуск по уходу за ребенком до достижения им возраста трех лет в порядке, установленном законодательством Российской Федерации;
3.2.25. на получение от университета информации о положении в сфере занятости населения в Российской Федерации по осваиваемым ими специальностям и направлениям подготовки;
3.2.26. на совмещение получения образования в университете с работой без ущерба для освоения образовательной программы, выполнения индивидуального учебного плана;
3.2.27. иные академические права, предусмотренные законодательством Российской Федерации об образовании, локальными нормативными актами университета.
3.3. Обучающимся университета (в соответствии с категориями обучающихся, установленными законодательством об образовании и локальными нормативными актами НИУ ВШЭ обучающихся) могут быть предоставлены следующие меры социальной поддержки и"
12,2,Правила внутреннего распорядка,education_rules.docx,internal,regulation,education_rules,11,"ветствии с категориями обучающихся, установленными законодательством об образовании и локальными нормативными актами НИУ ВШЭ обучающихся) могут быть предоставлены следующие меры социальной поддержки и стимулирования:
3.3.1. полное государственное обеспечение, в том числе обеспечение одеждой, обувью, жестким и мягким инвентарем, в случаях и в порядке, которые установлены федеральными законами, законами субъектов Российской Федерации;
3.3.2. обеспечение питанием в случаях и в порядке, которые установлены федеральными законами, законами субъектов Российской Федерации;
3.3.3. транспортное обеспечение в соответствии с Федеральным законом «Об образовании в Российской Федерации»;
3.3.4. иные меры социальной поддержки, предусмотренные законодательством Российской Федерации и локальными нормативными актами университета.
3.4. Отдельным категориям обучающихся, установленным законодательством об образовании и локальными нормативными актами НИУ ВШЭ, помимо мер поддержки, предусмотренных пунктом 3.3 Правил, могут предоставляться такие меры поддержки, как:
3.4.1. получение стипендий, материальной помощи и других денежных выплат, предусмотренных законодательством Российской Федерации;
3.4.2."
13,2,Правила внутреннего распорядка,education_rules.docx,internal,regulation,education_rules,12,"ом 3.3 Правил, могут предоставляться такие меры поддержки, как:
3.4.1. получение стипендий, материальной помощи и других денежных выплат, предусмотренных законодательством Российской Федерации;
3.4.2. предоставление в соответствии с законодательством Российской Федерации жилых помещений в общежитиях университета.
3.5. Обучающиеся университета обязаны:
3.5.1. выполнять требования законодательства Российской Федерации, устава университета, Правил, Правил внутреннего распорядка студенческого общежития, Правил пользования библиотекой и иных локальных нормативных актов университета, в том числе регламентирующих организацию и осуществление образовательной деятельности;
3.5.3. соблюдать правила, установленные руководством структурных подразделений, реализующих образовательные программы, осваиваемые обучающимися, а также должностными лицами и органами, осуществляющими управление соответствующими образовательными программами, при условии, что эти правила соответствуют законодательству Российской Федерации, локальным нормативным актам университета, установлены в пределах компетенции соответствующих должностных лиц и органов и своевременно доведены до сведения обучающихся;
3.5.4. не"
14,2,Правила внутреннего распорядка,education_rules.docx,internal,regulation,education_rules,13,"Российской Федерации, локальным нормативным актам университета, установлены в пределах компетенции соответствующих должностных лиц и органов и своевременно доведены до сведения обучающихся;
3.5.4. не нарушать академические нормы при выполнении учебных и (или) научных работ, в том числе в ходе участия в качестве обучающегося НИУ ВШЭ в конкурсах, олимпиадах и прочих внешних мероприятиях за пределами университета, в том числе не допускать:
3.5.4.1. списывания. Списывание определяется как использование обучающимся любых не разрешенных преподавателем (организатором мероприятия) письменных (печатных или рукописных) источников, в том числе электронных или других автоматических средств передачи данных, а также обнаружение у обучающегося указанных материалов (средств), вне зависимости от того, были ли они использованы обучающимся при выполнении письменной работы или при подготовке к ответу в устной форме;
3.5.4.2. двойной сдачи письменных работ. Двойная сдача определяется как представление одного и того же текста в качестве разных письменных работ одним обучающимся или разными обучающимися. Двойной сдачей не считается использование ранее подготовленного текста как части более объемной"
15,2,Правила внутреннего распорядка,education_rules.docx,internal,regulation,education_rules,14,"ие одного и того же текста в качестве разных письменных работ одним обучающимся или разными обучающимися. Двойной сдачей не считается использование ранее подготовленного текста как части более объемной работы с согласия педагогического/научного работника, осуществляющего руководство письменной работой, в которую включен соответствующий ранее подготовленный текст;
3.5.4.3. плагиата. Плагиат определяется как использование в письменной работе чужого текста или иного объекта авторских прав, опубликованного в бумажном или электронном виде, без полной ссылки (то есть без указания имени автора и источника заимствования) или со ссылками, но так, что объем и характер заимствований ставят под сомнение самостоятельность выполненной работы или одного из ее основных разделов. Плагиат может быть реализован в одной из следующих форм:
а) дословное изложение чужого текста;
б) полное использование иного объекта авторских прав;
в) парафраза – изложение чужого текста с заменой слов и выражений без изменения содержания заимствованного текста.
Дословное изложение чужого текса и парафраз признается плагиатом также в случае перевода текста с иностранного языка. Не считается плагиатом использование чужих"
16,2,Правила внутреннего распорядка,education_rules.docx,internal,regulation,education_rules,15,"ения содержания заимствованного текста.
Дословное изложение чужого текса и парафраз признается плагиатом также в случае перевода текста с иностранного языка. Не считается плагиатом использование чужих источников/текста при подготовке учебных работ по образовательным программам, связанным с издательским делом/дизайном.
3.5.4.6. использования подсказок, применения технических, автоматических или иных средств для выполнения письменных или устных работ, получения информации из любых источников либо от других лиц. Использованием подсказок признается также обнаружение у обучающегося при выполнении письменных и устных работ шпаргалок, технических, автоматических и иных средств, запрещенных к использованию при выполнении соответствующей работы, вне зависимости от того, успел ли обучающийся ими воспользоваться;
3.5.4.7. иных нарушений интеллектуальных (авторских, смежных, патентных и т.п.) прав;
3.5.5. своевременно в письменной форме ставить в известность работника или структурное подразделение университета, осуществляющее сопровождение учебного процесса, о необходимости отсутствия на учебных занятиях (более двух учебных дней подряд), практической подготовке, мероприятиях текущего"
17,2,Правила внутреннего распорядка,education_rules.docx,internal,regulation,education_rules,16,"разделение университета, осуществляющее сопровождение учебного процесса, о необходимости отсутствия на учебных занятиях (более двух учебных дней подряд), практической подготовке, мероприятиях текущего контроля успеваемости, промежуточной или итоговой аттестации по уважительной причине в порядке, установленном локальными нормативными актами НИУ ВШЭ с представлением документов, подтверждающих уважительность причины пропуска занятий;
3.5.6. соблюдать порядок прохождения текущего контроля успеваемости, промежуточной или итоговой аттестации, ликвидации академических задолженностей, установленный в университете;
3.5.7. бережно относиться к имуществу университета (в том числе к имуществу третьих лиц, находящемуся в университете, если университет несет ответственность за сохранность этого имущества), возмещать причиненный ущерб в размере и порядке, установленном законодательством Российской Федерации, не допускать порчу имущества и намеренное искажение внешнего облика зданий и помещений университета, а также без разрешения администрации университета выносить предметы и различное оборудование из учебных и других помещений;
3.5.8. при проходе в здания университета и (или) нахождении в"
18,2,Правила внутреннего распорядка,education_rules.docx,internal,regulation,education_rules,17,"университета, а также без разрешения администрации университета выносить предметы и различное оборудование из учебных и других помещений;
3.5.8. при проходе в здания университета и (или) нахождении в помещениях университета иметь при себе документ, подтверждающий обучение в Университете (студенческий билет, удостоверение аспиранта, ученический билет и т.д.) и (или) электронный пропуск (последний - при наличии), предъявлять любой из документов, дающих право на вход на объекты НИУ ВШЭ в соответствии с Положением о внутриобъектовом и пропускном режиме на объектах НИУ ВШЭ по требованию уполномоченных работников НИУ ВШЭ и работников охраны, в случае наличия у указанных работников обоснованных подозрений в нарушении обучающимся Правил, а равно при наличии оснований, предусмотренных законодательством Российской Федерации, и при условии указания соответствующим работником своей должности, фамилии, имени, отчества; бережно и аккуратно хранить студенческий билет, удостоверение аспиранта, ученический билет, электронный пропуск, не передавать их третьим лицам, и не использовать указанные документы третьих лиц для совершения действий в своих интересах или интересах третьих лиц;
3.5.9."
19,2,Правила внутреннего распорядка,education_rules.docx,internal,regulation,education_rules,18,"та, ученический билет, электронный пропуск, не передавать их третьим лицам, и не использовать указанные документы третьих лиц для совершения действий в своих интересах или интересах третьих лиц;
3.5.9. принимать участие в процедурах регулярной оценки качества реализации образовательных программ в порядке и сроки, утвержденные локальными нормативными актами университета;
3.5.10. заботиться о сохранении и об укреплении своего здоровья, стремиться к нравственному, духовному и физическому развитию и самосовершенствованию;
3.5.11. уважать честь и достоинство других обучающихся, работников и посетителей университета, в том числе не совершать действий по запугиванию, преследованию, понуждению к совершению каких-либо действий, не вторгаться в их частную жизнь и не допускать оскорблений, не проявлять агрессию, не создавать препятствий для получения образования другими обучающимися;
3.5.12. не препятствовать работе университета, его органов управления, структурных подразделений и должностных лиц, в том числе путем:
3.5.12.1. многократных обращений в адрес университета, его уполномоченных органов и должностных лиц по одним и тем же вопросам без указания новых фактов и обстоятельств, притом,"
20,2,Правила внутреннего распорядка,education_rules.docx,internal,regulation,education_rules,19,"иц, в том числе путем:
3.5.12.1. многократных обращений в адрес университета, его уполномоченных органов и должностных лиц по одним и тем же вопросам без указания новых фактов и обстоятельств, притом, что на вопросы, изложенные в обращениях, заявителю уже даны ответы по существу;
3.5.12.2. создания помех для передвижения других обучающихся и работников университета по коридорам университета и для доступа других обучающихся и работников университета в помещения, здания университета, на прилегающие к ним территории и (или) иные территории;
3.5.12.3. воспрепятствования осуществлению образовательной деятельности в порядке, установленном законодательством Российской Федерации и/или локальными нормативными актами университета, в том числе вмешательства какими-либо способами в проведение университетом текущего контроля успеваемости, промежуточной или итоговой аттестации обучающихся;
3.5.13. не предоставлять подложные (поддельные) документы;
3.5.14. не совершать противоправные деяния, имеющие социально-опасные последствия, в том числе для университета, его обучающихся и работников;
3.5.15. не причинять вред деловой репутации университета, в том числе не распространять сведения, порочащие"
21,2,Правила внутреннего распорядка,education_rules.docx,internal,regulation,education_rules,20,"е социально-опасные последствия, в том числе для университета, его обучающихся и работников;
3.5.15. не причинять вред деловой репутации университета, в том числе не распространять сведения, порочащие деловую репутацию НИУ ВШЭ в средствах массовой информации и в информационно-телекоммуникационных сетях, в частности в сети Интернет;
3.5.16. не допускать нарушений общественного порядка, в том числе использования ненормативной лексики в высказываниях, произносимых на территории НИУ ВШЭ, прилегающих территориях и (или) иных территориях при прохождении обучения, а также размещенных на ресурсах в информационно-телекоммуникационных сетях, в том числе в сети Интернет, содержащих обозначения и средства индивидуализации НИУ ВШЭ и его структурных подразделений, а также не допускать использование ненормативной лексики, непристойных и оскорбительных слов, выражений и образов в случаях, когда обучающийся идентифицирует себя как лицо, связанное с НИУ ВШЭ, о чем свидетельствует прямое указание своего статуса как обучающегося НИУ ВШЭ в соответствующих высказываниях, сообщениях, диалогах и (или) публикациях, ведение переписки с использованием адресов корпоративной электронной почты НИУ ВШЭ и"
22,2,Правила внутреннего распорядка,education_rules.docx,internal,regulation,education_rules,21,"своего статуса как обучающегося НИУ ВШЭ в соответствующих высказываниях, сообщениях, диалогах и (или) публикациях, ведение переписки с использованием адресов корпоративной электронной почты НИУ ВШЭ и информационно-телекоммуникационных ресурсов, принадлежащих университету;
3.5.17. не осуществлять незаконное употребление, а также приобретение, хранение, перевозку, изготовление, переработку наркотических средств, психотропных веществ, их прекурсоров или аналогов;
3.5.18. не допускать использования наименования, символики, товарных знаков (знаков обслуживания), коммерческих обозначений НИУ ВШЭ без разрешения уполномоченных органов (должностных лиц) университета, в т.ч. в коммерческих и (или) политических целях;
3.5.19. не выступать публично и не делать заявления от имени университета (структурного подразделения университета, должностного лица университета), не представлять в публичном пространстве свою личную позицию или позицию группы работников и/или обучающихся как совокупную позицию НИУ ВШЭ, его структурных подразделений либо работников и/или обучающихся НИУ ВШЭ либо его структурных подразделений в целом;
3.5.20. не вести политической деятельности на территории университета,"
23,2,Правила внутреннего распорядка,education_rules.docx,internal,regulation,education_rules,22,"зицию НИУ ВШЭ, его структурных подразделений либо работников и/или обучающихся НИУ ВШЭ либо его структурных подразделений в целом;
3.5.20. не вести политической деятельности на территории университета, территории, где проходят мероприятия, организованные университетом, в информационных системах и сетях университета, не допускать действий и (или) высказываний, содержащих мотивы политической, идеологической, расовой, национальной или религиозной ненависти или вражды, либо мотивы ненависти или вражды в отношении какой-либо социальной группы, в том числе действий и (или) высказываний дискриминационного характера по признакам пола, расы, цвета кожи, национальности, языка, происхождения, имущественного, семейного, социального и должностного положения, возраста, места жительства, отношения к религии, политических убеждений, принадлежности или непринадлежности к общественным объединениям;
3.5.21. в случае участия в политической деятельности принять разумные и доступные меры по исключению аффилиации с университетом, кроме случаев, когда обозначение статуса обучающегося университета предусмотрено законодательством Российской Федерации;
3.5.22. регулярно знакомиться с информацией,"
24,2,Правила внутреннего распорядка,education_rules.docx,internal,regulation,education_rules,23,"ючению аффилиации с университетом, кроме случаев, когда обозначение статуса обучающегося университета предусмотрено законодательством Российской Федерации;
3.5.22. регулярно знакомиться с информацией, размещаемой на главной странице корпоративного сайта (портала) НИУ ВШЭ по адресу: на страницах структурных подразделений, реализующих образовательные программы, осваиваемые обучающимися, на страницах образовательных программ, осваиваемых обучающимися, в рамках корпоративного сайта (портала) НИУ ВШЭ, в электронной информационно-образовательной среде НИУ ВШЭ, а также с информацией о принятии, внесении изменений или отмене локальных нормативных актов НИУ ВШЭ, распространяющихся на обучающихся;
3.5.23. соблюдать требования, установленные законодательством Российской Федерации, в том числе санитарными эпидемиологическими нормами, локальными нормативными актами НИУ ВШЭ, действующие в период режима чрезвычайной ситуации или при возникновении угрозы распространения заболевания, представляющего опасность для окружающих, режима повышенной готовности, либо в период осуществления на соответствующей территории ограничительных мероприятий (карантина), несоблюдение которых создает угрозу"
25,2,Правила внутреннего распорядка,education_rules.docx,internal,regulation,education_rules,24,"авляющего опасность для окружающих, режима повышенной готовности, либо в период осуществления на соответствующей территории ограничительных мероприятий (карантина), несоблюдение которых создает угрозу причинения вреда НИУ ВШЭ, его работникам и обучающимся;
3.5.24. не допускать действия, которые создают или могут создавать угрозу информационной безопасности НИУ ВШЭ, в том числе не совершать несанкционированные администрацией НИУ ВШЭ действия, связанные с вмешательством в работу автоматизированных систем НИУ ВШЭ;
3.5.25. соблюдать требования информационной безопасности, установленные законодательством Российской Федерации, локальными нормативными актами НИУ ВШЭ, при использовании цифровых ресурсов, сервисов и инфраструктуры Университета;
3.5.26. с учетом возрастных и психофизических особенностей участвовать в общественно полезном труде, предусмотренном основной общеобразовательной программой и направленном на формирование у обучающихся трудолюбия и базовых трудовых навыков, чувства причастности и уважения к результатам труда;
3.5.27. выполнять другие обязанности в соответствии с законодательством Российской Федерации, уставом университета, Правилами и иными, локальными нормативными"
26,2,Правила внутреннего распорядка,education_rules.docx,internal,regulation,education_rules,25,"частности и уважения к результатам труда;
3.5.27. выполнять другие обязанности в соответствии с законодательством Российской Федерации, уставом университета, Правилами и иными, локальными нормативными актами университета.
3.6. Обучающиеся из числа иностранных граждан и лиц без гражданства также обязаны:
3.6.1. соблюдать установленные миграционным законодательством Российской Федерации правила въезда, выезда, передвижения и режим пребывания (проживания) на территории Российской Федерации, правила миграционного учета, а также иные установленные законодательством Российской Федерации требования в связи с пребыванием (проживанием) иностранных граждан на территории Российской Федерации;
3.6.2. по требованию должностных лиц университета предоставлять сведения и (или) документы, связанные с соблюдением правил миграционного сопровождения иностранных граждан и лиц без гражданства в порядке, установленном локальными нормативными актами НИУ ВШЭ.
3.7. Иные обязанности обучающихся, не предусмотренные Правилами, устанавливаются законодательством Российской Федерации, локальными нормативными актами университета, договором об оказании платных образовательных услуг.
4. ДИСЦИПЛИНАРНАЯ"
27,2,Правила внутреннего распорядка,education_rules.docx,internal,regulation,education_rules,26,"е предусмотренные Правилами, устанавливаются законодательством Российской Федерации, локальными нормативными актами университета, договором об оказании платных образовательных услуг.
4. ДИСЦИПЛИНАРНАЯ ОТВЕТСТВЕННОСТЬ ОБУЧАЮЩИХСЯ
4.1. Дисциплинарным проступком признается неисполнение или нарушение Правил, иных локальных нормативных актов университета, в том числе регламентирующих организацию и осуществление образовательной деятельности.
За совершение дисциплинарного проступка к обучающемуся могут быть применены следующие меры дисциплинарного взыскания:
а) замечание;
б) выговор;
в) отчисление.
4.2. Университет осуществляет выбор конкретной меры дисциплинарного взыскания с учетом требований законодательства об образовании. Меры дисциплинарного взыскания могут быть применены к обучающемуся в любой последовательности (очередности), независимо от того, как они перечислены в пункте 4.1 Правил.
4.3. За нарушение обязанности, предусмотренной подпунктом 3.5.2 пункта 3.5 Правил, обучающийся может быть отчислен по инициативе университета за невыполнение обязанностей по добросовестному освоению образовательной программы и выполнению учебного плана. Отчисление в этом случае не рассматривается"
28,2,Правила внутреннего распорядка,education_rules.docx,internal,regulation,education_rules,27,"жет быть отчислен по инициативе университета за невыполнение обязанностей по добросовестному освоению образовательной программы и выполнению учебного плана. Отчисление в этом случае не рассматривается как мера дисциплинарного взыскания и порядок привлечения обучающихся к дисциплинарной ответственности применению не подлежит.
4.4. За каждый дисциплинарный проступок может быть применена одна мера дисциплинарного взыскания.
4.5. Меры дисциплинарного взыскания применяются к обучающимся:
– непосредственно совершившим дисциплинарный проступок;
– организовавшим и/или руководившим совершением дисциплинарного проступка, в том числе путем создания и/или руководства неформальным объединением обучающихся, нарушающим требования локальных нормативных актов университета;
– склонившим других обучающихся к совершению дисциплинарного проступка;
– содействовавшим совершению дисциплинарного проступка;
– использовавшим для совершения дисциплинарного проступка иных лиц, не подлежащих дисциплинарной ответственности.
4.6. Если в течение года со дня применения меры дисциплинарного взыскания к обучающемуся не будет применена новая мера дисциплинарного взыскания, то он считается не имеющим меры"
29,2,Правила внутреннего распорядка,education_rules.docx,internal,regulation,education_rules,28,"арной ответственности.
4.6. Если в течение года со дня применения меры дисциплинарного взыскания к обучающемуся не будет применена новая мера дисциплинарного взыскания, то он считается не имеющим меры дисциплинарного взыскания.
4.7. Не допускается применение мер дисциплинарного взыскания к обучающимся во время их болезни, каникул, академического отпуска, отпуска по беременности и родам или отпуска по уходу за ребенком.
4.8. Решение о применении к обучающемуся меры дисциплинарного взыскания принимает ректор университета или иное уполномоченное им должностное лицо университета (далее – уполномоченное лицо) путем издания соответствующего приказа.
4.9. В случаях, предусмотренных Правилами, рассмотрение вопроса о применении к обучающимся меры дисциплинарного взыскания может осуществляться с участием дисциплинарной комиссии НИУ ВШЭ.
4.10. Уполномоченное лицо до истечения года со дня применения меры дисциплинарного взыскания (за исключением меры дисциплинарного взыскания в виде отчисления) имеет право снять ее с обучающегося по собственной инициативе, просьбе самого обучающегося, родителей (законных представителей) несовершеннолетнего обучающегося, ходатайству соответственно"
30,2,Правила внутреннего распорядка,education_rules.docx,internal,regulation,education_rules,29,"отчисления) имеет право снять ее с обучающегося по собственной инициативе, просьбе самого обучающегося, родителей (законных представителей) несовершеннолетнего обучающегося, ходатайству соответственно Студенческого совета НИУ ВШЭ/студенческого совета филиала НИУ ВШЭ, Совета учащихся Лицея НИУ ВШЭ, совета родителей (законных представителей) несовершеннолетних обучающихся университета.
4.11. Применение к обучающемуся по договору об оказании платных образовательных услуг дисциплинарного взыскания в виде выговора является основанием для лишения обучающегося предоставленной ему скидки по оплате обучения, если локальным нормативным актом университета не установлено иное.
4.12. Период времени, на который обучающийся лишается скидки по оплате обучения в случае применения к нему дисциплинарного взыскания в соответствии с пунктом 4.11 Правил, определяется в соответствии с локальными нормативными актами НИУ ВШЭ.
5. ПООЩРЕНИЕ ОБУЧАЮЩИХСЯ
5.1. За успехи в учебной, физкультурной, спортивной, общественной, научной, научно-технической, творческой, экспериментальной и инновационной деятельности для обучающихся университета на условиях и в порядке, предусмотренном законодательством Российской"
31,2,Правила внутреннего распорядка,education_rules.docx,internal,regulation,education_rules,30,"общественной, научной, научно-технической, творческой, экспериментальной и инновационной деятельности для обучающихся университета на условиях и в порядке, предусмотренном законодательством Российской Федерации и локальными нормативными актами университета, устанавливаются следующие виды морального и материального поощрения:
а) объявление благодарности;
б) награждение ценным подарком;
в) назначение стипендии.
Локальными нормативными актами НИУ ВШЭ могут устанавливаться иные виды поощрения обучающихся. Выбор видов поощрения осуществляют ректор университета или иное уполномоченное им должностное лицо.
5.2. Обучающиеся могут быть представлены к назначению стипендий Президента Российской Федерации и Правительства Российской Федерации.
5.3. Поощрение объявляется приказом ректора университета или иного уполномоченного им должностного лица университета и доводится до сведения обучающихся. Выписка из приказа о поощрении хранится в личном деле обучающегося.
6. ПОРЯДОК В ЗДАНИЯХ УНИВЕРСИТЕТА
6.1. Общий режим работы университета – с 8 час. 00 мин. до 23 час. 00 мин. По решению администрации НИУ ВШЭ отдельные помещения в зданиях университета, наряду с общежитиями, гостиницами, учебными"
32,2,Правила внутреннего распорядка,education_rules.docx,internal,regulation,education_rules,31,"ТЕТА
6.1. Общий режим работы университета – с 8 час. 00 мин. до 23 час. 00 мин. По решению администрации НИУ ВШЭ отдельные помещения в зданиях университета, наряду с общежитиями, гостиницами, учебными центрами и учебно-оздоровительными комплексами, могут быть доступны обучающимся в круглосуточном режиме. Такое решение может приниматься исходя из целей повышения эффективности образовательного процесса в НИУ ВШЭ и с учетом возможностей НИУ ВШЭ по обеспечению безопасности и соблюдению ограничений, установленных законодательством Российской Федерации и соответствующих субъектов Российской Федерации, в том числе в отношении нахождения несовершеннолетних в общественных и иных местах. Решение об отмене введенного для тех или иных помещений в зданиях университета круглосуточного режима должно быть опубликовано на корпоративном сайте (портале) НИУ ВШЭ и доведено до сведения обучающихся посредством рассылки на адреса корпоративной электронной почты обучающихся не позднее, чем за три дня до вступления в силу такого решения.
6.2. Находясь в зданиях университета, обучающиеся обязаны соблюдать общепринятые нормы поведения в общественных местах и использовать помещения университета по"
33,2,Правила внутреннего распорядка,education_rules.docx,internal,regulation,education_rules,32,"дня до вступления в силу такого решения.
6.2. Находясь в зданиях университета, обучающиеся обязаны соблюдать общепринятые нормы поведения в общественных местах и использовать помещения университета по назначению.
6.3. На территории университета обучающимся запрещается:
6.3.1. появление в состоянии алкогольного, наркотического или токсического опьянения;
6.3.2. потребление табака и использование устройств для потребления никотинсодержащей и/или безникотиновой продукции, в том числе электронных систем доставки никотина и устройств для нагревания табака, а также их составных частей и элементов;
6.3.3. организация, проведение и участие в азартных играх;
6.3.4. употребление алкогольных, слабоалкогольных напитков, пива;
6.3.5. хранение, приобретение, употребление и распространение наркотических средств и психотропных веществ, их прекурсоров и аналогов и других одурманивающих веществ;
6.3.6. хранение, распространение и использование взрывчатых и огнеопасных веществ, пиротехнических средств;
6.3.7. вывешивание объявлений, нанесение надписей вне отведенных для этого мест без соответствующего разрешения администрации университета;
6.3.8. использование выделенных для обучения аудиторий и"
34,2,Правила внутреннего распорядка,education_rules.docx,internal,regulation,education_rules,33,"тв;
6.3.7. вывешивание объявлений, нанесение надписей вне отведенных для этого мест без соответствующего разрешения администрации университета;
6.3.8. использование выделенных для обучения аудиторий и оборудования в личных целях;
6.3.9. вынос из зданий университета имущества, предметов или материалов, принадлежащих университету, а также внос в здание громоздких предметов без получения на то соответствующего разрешения администрации университета.
6.4. При входе в здания университета, а также при нахождении в них обучающиеся обязаны использовать средства индивидуальной защиты органов дыхания (маски, респираторы), антисептические средства при посещении мест общего пользования с учетом рекомендаций Главного санитарного врача Российской Федерации, а также соблюдать иные требования, предусмотренные для граждан при посещении ими зданий, строений, сооружений (помещений в них), и установленные законодательством Российской Федерации, в том числе санитарными эпидемиологическими нормами, локальными нормативными актами НИУ ВШЭ, действующие в период режима чрезвычайной ситуации или при возникновении угрозы распространения заболевания, представляющего опасность для окружающих, режима повышенной"
35,2,Правила внутреннего распорядка,education_rules.docx,internal,regulation,education_rules,34,"ыми нормативными актами НИУ ВШЭ, действующие в период режима чрезвычайной ситуации или при возникновении угрозы распространения заболевания, представляющего опасность для окружающих, режима повышенной готовности, либо в период осуществления на соответствующей территории ограничительных мероприятий (карантина).
6.5. Обучающимся университета разрешается использовать свободные от аудиторных занятий помещения для самостоятельной работы и проведения внеучебных мероприятий в установленном НИУ ВШЭ порядке. Компьютерные классы для самоподготовки выделяются в соответствии с установленным в университете расписанием.
6.6. Мероприятия, проводимые в зданиях и на территории университета, не должны содержать информацию, отнесенную законодательством Российской Федерации о защите детей от информации, причиняющей вред их здоровью и развитию, к информации, запрещенной для детей, и (или) предполагать ее распространение.
Приказом ректора или руководителя, координирующего соответствующее направление деятельности университета или соответствующее структурное подразделение, может быть разрешено проведение мероприятия, содержащего запрещенную для детей информацию, с назначение лица, обеспечивающего"
36,2,Правила внутреннего распорядка,education_rules.docx,internal,regulation,education_rules,35,"е деятельности университета или соответствующее структурное подразделение, может быть разрешено проведение мероприятия, содержащего запрещенную для детей информацию, с назначение лица, обеспечивающего контроль соблюдения законодательства Российской Федерации о защите детей от информации при организации и проведении соответствующего мероприятия.
6.7. Порядок допуска обучающихся в здания и на территорию университета определяется Положением о внутриобъектовом и пропускном режиме на объектах университета, Правилами внутреннего распорядка студенческого общежития университета.
6.8. Ректор, первые проректоры, проректоры, старшие директора и директора по направлениям деятельности университета, директора филиалов университета устанавливают часы приема обучающихся университета по личным вопросам.
6.9. Руководители структурных подразделений, реализующих образовательные программы, их заместители и структурные подразделения, осуществляющие сопровождение учебного процесса, устанавливают часы приема обучающихся в зависимости от времени работы структурных подразделений.
6.10. Руководители иных структурных подразделений устанавливают часы приема обучающихся в зависимости от режима работы"
37,2,Правила внутреннего распорядка,education_rules.docx,internal,regulation,education_rules,36,"асы приема обучающихся в зависимости от времени работы структурных подразделений.
6.10. Руководители иных структурных подразделений устанавливают часы приема обучающихся в зависимости от режима работы структурных подразделений.
6.11. Часы приемов руководителей, указанные в пунктах 6.8 – 6.10 Правил размещаются на персональных страницах соответствующих руководителей в рамках корпоративного сайта (портала) НИУ ВШЭ.
7. ИСЧИСЛЕНИЕ СРОКОВ
7.1. Сроки совершения действий, предусмотренные Правилами и/или приложением к ним, определяются точной календарной датой, указанием на событие, которое обязательно должно наступить, или периодом, в течение которого действие может быть совершено.
7.2. Сроки исчисляются годами, месяцами и днями. В сроки, исчисляемые календарными днями, включаются нерабочие дни. В сроки, исчисляемые учебными днями, включается суббота. При реализации образовательной программы в формате «группа выходного дня» воскресение может являться учебным днем для отдельных категорий обучающихся, если это предусмотрено учебным планом.
7.3. Течение срока, исчисляемого годами, месяцами или днями, начинается на следующий день после календарной даты или дня наступления события, которыми"
38,2,Правила внутреннего распорядка,education_rules.docx,internal,regulation,education_rules,37,"учающихся, если это предусмотрено учебным планом.
7.3. Течение срока, исчисляемого годами, месяцами или днями, начинается на следующий день после календарной даты или дня наступления события, которыми определено начало срока.
7.4. Срок, исчисляемый годами, истекает в соответствующий месяц и число последнего года установленного срока.
7.5. Срок, исчисляемый месяцами, истекает в соответствующее число последнего месяца установленного срока. Если окончание срока, исчисляемого месяцами, приходится на месяц, который соответствующего числа не имеет, срок истекает в последний день этого месяца.
7.6. Срок, исчисляемый днями, истекает в последний день установленного срока.
7.7. Если последний день срока приходится на нерабочий/неучебный день, днем окончания срока считается ближайший следующий за ним рабочий/учебный день.
7.8. Действие, для совершения которого установлен срок, может быть выполнено до двадцати четырех часов последнего дня установленного срока."
39,3,Часто задаваемые вопросы (общие),faq_general.txt,https://www.hse.ru/vtotd/faq,faq,faq,1,"Часто задаваемые вопросы
Вопрос: Как оформить академический отпуск?
Ответ: Необходимо подать заявление и предоставить документы.
Вопрос: Обязательна ли практика?
Ответ: Да, практика является обязательной частью обучения.
Вопрос: Что такое ВКР?
Ответ: Это выпускная квалификационная работа, выполняемая в конце обучения.
Вопрос: Нужно ли проходить предзащиту?
Ответ: Да, предзащита является этапом подготовки к защите ВКР."
40,4,Часто задаваемые вопросы (академический отпуск и военкомат),faq_military_academic.txt,https://www.hse.ru/vtotd/faq,faq,academic_leave,1,"FAQ по академическому отпуску и воинскому учету
Вопрос: Можно ли взять академический отпуск?
Ответ: Да, при наличии оснований.
Вопрос: Сохраняется ли статус студента?
Ответ: Да, статус сохраняется.
Вопрос: Влияет ли академический отпуск на отсрочку от армии?
Ответ: Может влиять, требуется уточнение в военкомате."
41,6,Практика (общая информация),practice_main.txt,https://www.hse.ru/studyspravka/practice,web,practice,1,"Практическая подготовка студентов НИУ ВШЭ
Практическая подготовка — обязательная часть образовательной программы.
Она регулируется:
- образовательной программой;
- учебным планом;
- методическими рекомендациями.
Виды практики:
- учебная практика;
- производственная практика;
- преддипломная практика.
Цели практики:
- применение теоретических знаний;
- развитие профессиональных навыков;
- подготовка к выполнению ВКР.
Студент обязан:
- пройти практику в установленный срок;
- выполнить задание;
- подготовить отчет;
- получить оценку.
Место практики:
- организация;
- компания;
- подразделение университета.
Контроль осуществляется научным руководителем и руководителем практики."
42,8,Методические рекомендации по ВКР,vkr_guidelines.pdf,https://www.hse.ru/mirror/pubs/share/1011417046.pdf,methodical,vkr,1,"Одобрено
Академическим советом образовательной программы
15.09.2024, протокол №12
Методические рекомендации по подготовке и защите
Выпускной квалификационной работы - магистерской
«Прикладная электроника и фотоника» в Московском
институте электроники и математики им. А.Н. Тихонова НИУ
ВШЭ
Оглавление
1 Общие положения. Список обозначений и сокращений. Связанные документы ........ 3
2 Содержание, цели, структура ВКР .................................................................................... 4
3 Оформление ВКР ................................................................................................................ 8
4 График подготовки ВКР ................................................................................................... 18
5 Подготовка к защите......................................................................................................... 18
6 Защита ВКР ....................................................................................................................... 20
Приложение 1 Шаблон титульного листа ВКР ............................................................................ 22
Приложение 2 Шаблон задания на выполнение"
43,8,Методические рекомендации по ВКР,vkr_guidelines.pdf,https://www.hse.ru/mirror/pubs/share/1011417046.pdf,methodical,vkr,2,".................................. 20
Приложение 1 Шаблон титульного листа ВКР ............................................................................ 22
Приложение 2 Шаблон задания на выполнение магистерской диссертации ............................ 23
Приложение 3 Пример аннотации на русском и английском языках ........................................ 25
Приложение 4 Примерный график выполнения различных этапов подготовки ВКР .............. 26
Приложение 5 Заявление на изменение темы ВКР ...................................................................... 28
Приложение 6 Заявление на изменение руководителя и темы ВКР .......................................... 29
Приложение 7 Шаблон отзыва научного руководителя на ВКР ................................................ 30
Приложение 8 Пример отзыва руководителя ВКР ....................................................................... 31
Приложение 9 Шаблон рецензии на ВКР ..................................................................................... 32
Приложение 10 Пример отзыва рецензента ВКР ......................................................................... 33
1 Общие положения. Список обозначений"
44,8,Методические рекомендации по ВКР,vkr_guidelines.pdf,https://www.hse.ru/mirror/pubs/share/1011417046.pdf,methodical,vkr,3,"....................................... 32
Приложение 10 Пример отзыва рецензента ВКР ......................................................................... 33
1 Общие положения. Список обозначений и
сокращений. Связанные документы
Настоящие методические рекомендации дополняют требования к
подготовке, оцениванию, защите и публикации выпускных квалификационных
работ образовательных программ магистратуры МИЭМ НИУ ВШЭ в части, не
урегулированной специально Положением о государственной итоговой
аттестации студентов образо вательных программ высшего образования –
программ бакалавриата, специалитета и магистратуры Национального
Решением Ученого совета от 17.06.2021 г.)
Выпускная квалификационная работа (ВКР) магистра выполняется в
виде магистерской диссертации (МД) в период, установленный учебным
планом соответствующей образовательной программы (ОП) и представляет
собой самостоятельную и логически завершенную работу, связанную с
решением научно-исследовательских («Академический формат») или
проектно-исследовательских («Проектно-исследовательский формат») задач.
Тематика ВКР должна быть направлена на решение проф ессиональных задач
по профилю обучения.
В настоящих Правилах"
45,8,Методические рекомендации по ВКР,vkr_guidelines.pdf,https://www.hse.ru/mirror/pubs/share/1011417046.pdf,methodical,vkr,4,"ий формат») или
проектно-исследовательских («Проектно-исследовательский формат») задач.
Тематика ВКР должна быть направлена на решение проф ессиональных задач
по профилю обучения.
В настоящих Правилах используются следующие обозначения и
сокращения:
ВКР – выпускная квалификационная работа,
ГИА – государственная итоговая аттестация,
ГЭК – государственная экзаменационная комиссия,
НИР – научно-исследовательская работа,
ПО – программное обеспечение,
ПП – преддипломная практика.
ОП - Образовательная программа – комплекс основных характеристик
образования (объем, содержание, планируемые результаты), организационно -
педагогических условий и форм аттестации, который представлен в виде
учебного плана, календарного учебного графика, рабочих программ дисциплин,
иных компонентов, а также оценочных и методических материалов.
LMS (Learning Management System) – система электронной поддержки
образовательного процесса НИУ ВШЭ.
2 Содержание, цели, структура ВКР
Магистерская диссертация представляет собой выпускную
квалификационную работу научной направленности, выполняемую студентом
самостоятельно под руководством научного руководителя на завершающей
стадии обучения по основной профессиональной"
46,8,Методические рекомендации по ВКР,vkr_guidelines.pdf,https://www.hse.ru/mirror/pubs/share/1011417046.pdf,methodical,vkr,5,"собой выпускную
квалификационную работу научной направленности, выполняемую студентом
самостоятельно под руководством научного руководителя на завершающей
стадии обучения по основной профессиональной образовательной пр ограмме
подготовки магистра.
Цели выполнения и защиты выпускной квалификационной работы
– магистерской диссертации:
1. углубление, систематизация и интеграция теоретических знаний и
практических навыков по направлению подготовки высшего
профессионального образования;
2. развитие умения критически оценивать и обобщать теоретические
положения;
3. овладение современными методами научного исследования
4. применение полученных знаний при решении прикладных задач по
направлению подготовки;
5. стимулирование навыков самостоятельной аналитической работы;
6. получение навыков написания и публикации научных статей и
выступлений на научных конференциях;
7. оценка подготовленности магистранта к практической деятельности
в условиях рыночной экономики;
8. развитие навыков публичной дискуссии и защиты научных идей,
предложений и рекомендаций.
Магистерская диссертация относится к разряду учебно -
исследовательских работ, ее научный уровень должен отвечать
соответствующей"
47,8,Методические рекомендации по ВКР,vkr_guidelines.pdf,https://www.hse.ru/mirror/pubs/share/1011417046.pdf,methodical,vkr,6,"публичной дискуссии и защиты научных идей,
предложений и рекомендаций.
Магистерская диссертация относится к разряду учебно -
исследовательских работ, ее научный уровень должен отвечать
соответствующей программе обучения.
Магистерская диссертация д олжна обеспечивать закрепление
академической культуры и необходимую совокупность методологических
представлений и методических навыков в избранной области
профессиональной деятельности . Она выполняется на базе углубленных
знаний, умений и общекультурных и профессиональных компетенций ,
полученных студентом в течение срока обучения , при прохождении научно -
производственной практики и выполнения научно-исследовательской работы.
Тема магистерской диссертации определяется студентом и научным
руководителем ВКР исходя из личных научных и практических интересов,
склонностей и способностей в рамках образовательной программы и
специализации (при наличии). Тема должна быть сформулирована таким
образом, чтобы в ней максимально кратко и конкретно отражалась основная
идея работы.
В каждой работе должна содержаться развернутая постановка задачи,
анализ современного состояния проблемы, известных аналогов, анализ
различных технических решений на"
48,8,Методические рекомендации по ВКР,vkr_guidelines.pdf,https://www.hse.ru/mirror/pubs/share/1011417046.pdf,methodical,vkr,7,"но отражалась основная
идея работы.
В каждой работе должна содержаться развернутая постановка задачи,
анализ современного состояния проблемы, известных аналогов, анализ
различных технических решений на разных этапах, обоснование выбора тех
или иных решений, методов, оборудования и т.д. Подобному анализу должно
быть посвящено не менее 30% текста работы. Отсутствие в работе
собственного анализа, то есть приведение только справочных и иных известных
сведений о предметной области является существенным недостатком работы.
Необходимо отм етить, что выпускная работа не обязательно должна
содержать принципиальную научно -техническую новизну на уровне
постановки задачи. Обязательным должно являться самостоятельное
выполнение работы студентом (что контролируется руководителем работы).
Новизна в работе должна присутствовать на уровне конкретных применяемых
методов, решений, подходов, проведенного анализа, интерпретации его
результатов и т.д. При этом в любом случае студент должен представлять себе
цели своего исследования, его результаты, обоснов ать необходимость
разработки, если в его работе выполняются этапы разработки какого -либо
проекта.
Магистерская диссертация должна содержать"
49,8,Методические рекомендации по ВКР,vkr_guidelines.pdf,https://www.hse.ru/mirror/pubs/share/1011417046.pdf,methodical,vkr,8,"лять себе
цели своего исследования, его результаты, обоснов ать необходимость
разработки, если в его работе выполняются этапы разработки какого -либо
проекта.
Магистерская диссертация должна содержать совокупность результатов и
научных положений, выдвигаемых автором для защиты, иметь внутреннее
единство, свидетельст вовать о способности автора самостоятельно вести
научный поиск, используя теоретические знания и практические навыки,
видеть профессиональные проблемы, уметь формулировать задачи
исследования и методы их решения. Содержание работы могут составлять
результаты теоретических исследований, разработка новых методологических
подходов к решению научных проблем, а также решение задач прикладного
характера.
Магистерская диссертация должна демонстрировать возможности
выпускника в следующих направлениях:
 определение проблемной области диссертационного исследования;
 представление объекта исследования и формулирование авторской
гипотезы;
 выбор, описание и применение соответствующей системы методов
исследования;
 подбор, анализ и систематизация данных;
 реализация поставле нной проблемы и предложение в этой связи
соответствующих механизмов ее решения;
 проверка"
50,8,Методические рекомендации по ВКР,vkr_guidelines.pdf,https://www.hse.ru/mirror/pubs/share/1011417046.pdf,methodical,vkr,9,"соответствующей системы методов
исследования;
 подбор, анализ и систематизация данных;
 реализация поставле нной проблемы и предложение в этой связи
соответствующих механизмов ее решения;
 проверка предложенного метода и его адаптация в процессе
функционирования исследуемого объекта.
Для ВКР исследовательского типа необходимо четко сформулировать
постановку задачи исследования, привести описание используемых
теоретических и экспериментальных методов исследований, собственные
разработки и исследования (модели, алгоритмы, математический аппарат ,
методику исследований и т.д.).
В рамках ВКР проектно-исследовательского формата выполняются
этапы проектирования технических систем или продукции (стадия
технического предложения, эскизный проект и т.д. ). Допускается более
детальная реализация каких -либо частей системы до уровн я подробных схем
алгоритмов конструирования изделия, подготовка полной документации,
решение вопросов обеспечения надежности и прочие.
Магистрантам, выходящим на защиту диссертации , рекомендуется иметь
публикации, отражающие результаты проведенного исследования.
ВКР может рассматриваться как первая фаза научной работы для тех
студентов, которые планируют"
51,8,Методические рекомендации по ВКР,vkr_guidelines.pdf,https://www.hse.ru/mirror/pubs/share/1011417046.pdf,methodical,vkr,10,"м на защиту диссертации , рекомендуется иметь
публикации, отражающие результаты проведенного исследования.
ВКР может рассматриваться как первая фаза научной работы для тех
студентов, которые планируют продолжение обучения после завершения
магистратуры. Поэтому для них рекомендуется продолжение тематики ВКР в
аспирантуре.
Требования к структуре и объему выпускной квалификационной
работы магистра
Структурными элементами магистерской диссертации являются:
 титульный лист;
 задание на выполнение магистерской диссертации;
 аннотация на русском и английском языках;
 содержание;
 определения, обозначения и сокращения (при необходимости);
 введение;
 основная часть;
 заключение;
 список использованных источников;
 приложения (при необходимости).
Титульный лист оформляется в соответствии с приложением 1.
Задание на выполнение магистерской диссертации представляет собой
соглашение между руководителем ВКР и студентом о целях, примерном
содержании и этапах предоставления частей работы на проверку научному
руководителю. Составляется руководителем ВКР совместно со студентом в
срок, установленным графиком подготовки ВКР (приложение 2)
Аннотация представляет собой кр аткую"
52,8,Методические рекомендации по ВКР,vkr_guidelines.pdf,https://www.hse.ru/mirror/pubs/share/1011417046.pdf,methodical,vkr,11,"астей работы на проверку научному
руководителю. Составляется руководителем ВКР совместно со студентом в
срок, установленным графиком подготовки ВКР (приложение 2)
Аннотация представляет собой кр аткую характеристику ВК Р. В
аннотации нужно указать объект и цель работы; основные методы
исследования и/или анализа и разработки решения поставленной задачи ;
ключевые полученные результаты, их новизну, качественную и количественную
характеристику собранного материала и результатов.
Также в аннотацию можно включить сведения об объеме, количестве
иллюстраций, таблиц, количестве исп ользованных ис точников, приложений ,
перечень ключевых слов (10-15 слов).
Объем аннотации должен составлять от 700 до 2000 знаков. Текст
аннотации приводится на русском и английском языках. Пример составления и
оформления аннотации приведен в приложении 3.
Содержание включает введение, порядковые номера и наименования
всех разделов, подразделов, пунктов (если они имеют наименования), выводы
или заключение, список использованных источников и наименование
приложений с указанием номеров страниц, с которых начинаются эти элементы
диссертации.
Структурный элемент "" Определения, обозначения и сокращения ""
содержит"
53,8,Методические рекомендации по ВКР,vkr_guidelines.pdf,https://www.hse.ru/mirror/pubs/share/1011417046.pdf,methodical,vkr,12,"к использованных источников и наименование
приложений с указанием номеров страниц, с которых начинаются эти элементы
диссертации.
Структурный элемент "" Определения, обозначения и сокращения ""
содержит перечень обозначений и сокращений, используемых в диссертации.
Запись обозначений и сокращений проводят в порядке появления их в тексте
диссертации с необходимой расшифровкой и пояснениями.
Содержательная часть ВКР состоит из введения, основной части и
заключения.
Введение должно содержать оценку современного состояния и
актуальности решаемой научно й или проектно -исследовательской проблемы.
Актуальность исследования определяется его теоретической / практической
значимостью и недостаточной разработанностью проблемы , изучаемой
магистрантом в рамках ВКР.
Должны быть сформулированы основание и исходные данные для
разработки темы, цели и задачи исследования, объект и применяемые методы.
Далее излагаются основные положения работы, выносимые автором на
защиту, практическая значимость работы, реализация и апробация
результатов. Также имеет смысл указать публикации автора по теме работы.
Можно изложить краткое содержание разделов ВКР.
Введение по объему занимает не более 10%"
54,8,Методические рекомендации по ВКР,vkr_guidelines.pdf,https://www.hse.ru/mirror/pubs/share/1011417046.pdf,methodical,vkr,13,"чимость работы, реализация и апробация
результатов. Также имеет смысл указать публикации автора по теме работы.
Можно изложить краткое содержание разделов ВКР.
Введение по объему занимает не более 10% работы.
Основная часть , как правило , состоит из двух или трех глав , с
выделением в каждой от двух до четырех разделов. Содержание глав основной
части должно точно соответствовать теме работы и полностью её раскрывать.
Основная часть должна содержать:
 описание и обоснование выбранного направления исследования или
решаемой проектно -исследовательской задачи, анализ известных
теоретических и (или) экспериментальных исследований, являющийся базой
для ВКР, методы исследования или решения задач и их сравнител ьную оценку,
описание выбранной общей методики проведения работы;
 описание процесса теоретических и (или) экспериментальных
исследований, включая определение характера и содержания теоретических
исследований, методы исследований, методы расчета, методы по лучения
проектных решений, обоснование необходимости проведения
экспериментальных работ, описание разработанных объектов, их
характеристики;
 обобщение и оценку результатов исследований и предложения по
дальнейшим"
55,8,Методические рекомендации по ВКР,vkr_guidelines.pdf,https://www.hse.ru/mirror/pubs/share/1011417046.pdf,methodical,vkr,14,"ных решений, обоснование необходимости проведения
экспериментальных работ, описание разработанных объектов, их
характеристики;
 обобщение и оценку результатов исследований и предложения по
дальнейшим направлениям работы, оценку достоверности полученных
результатов и их сравнение с аналогичными результатами российских и
зарубежных работ;
 краткие выводы по каждой главе, разделу.
В заключении формулируются выводы по результатам решения
поставленных задач диссертации. Также могут быть приведены рекомендации
по использованию полученных результатов (в том числе для
компании/предприятия, на базе которого выполнялась ВКР) и оценка технико -
экономического уровня выполненной работы.
Объем заключения – не более 5% текста ВКР.
Список использованных источников должен содержать сведения об
источниках, использованных при написании диссертации, в том числе, ссылки
на собственные работы студента (если таковые есть). Список должен
содержать не менее 30 источников, в том числе работы иностранных авторов.
В Приложения следует включать вспомогательные материалы,
необходимые для обоснования полноты решений и раскрывающие результаты
выполненных исследований и расчетов:
 промежуточные"
56,8,Методические рекомендации по ВКР,vkr_guidelines.pdf,https://www.hse.ru/mirror/pubs/share/1011417046.pdf,methodical,vkr,15,"иностранных авторов.
В Приложения следует включать вспомогательные материалы,
необходимые для обоснования полноты решений и раскрывающие результаты
выполненных исследований и расчетов:
 промежуточные доказательства, формулы и расчеты;
 таблицы вспомогательных или цифровых данных;
 протоколы испытаний;
 описания программного обеспечения, применяемого при
моделировании и проектировании;
 описание аппаратуры и приборов, применяемых при проведении
экспериментов, измерений и испытаний;
 инструкции, методики, описания алгоритмов и программ,
разработанных в процессе выполнения диссертационной работы;
 иллюстрации (фотографии) вспомогательного характера;
 программная или техническая документация;
 акты внедрения результатов диссертационной работы и др.
Рекомендуемый о бъем магистерской диссертации составляет 60-70
страниц (минимум – 50, максимум – 120) машинописного текста без учета
приложений. Объем графического материала в тексте подлежит согласованию с
научным руководителем работы, но не должен превышать 15%.
3 Оформление ВКР1
3.1 Общие требования
Магистерская работа оформляется на листах бумаги стандартного
формата А4. Текст размещается на одной стороне листа. Размеры полей:"
57,8,Методические рекомендации по ВКР,vkr_guidelines.pdf,https://www.hse.ru/mirror/pubs/share/1011417046.pdf,methodical,vkr,16,"ы, но не должен превышать 15%.
3 Оформление ВКР1
3.1 Общие требования
Магистерская работа оформляется на листах бумаги стандартного
формата А4. Текст размещается на одной стороне листа. Размеры полей: левое
– 2 см, правое – 1 см, верхнее – 2 см, нижнее – 2 см.
Используется межстрочный интервал 1,5. Для основного текста
используется шрифт Times New Roman, размер (кегль) 14 пунктов. Для
заголовков рекомендуется использовать кегль 18 пунктов.
Абзацный отступ составляет 1 ,25 см. Абзацы выравниваются по ширине.
Между абзацами нет увеличенных интервалов.
Все страницы имеют сквозную нумерацию, начиная с титульного листа.
На титульном листе номер не проставляется. Номер ст раницы в нижнем поле,
по центру.
1 При необходимости дополнительных пояснений необходимо обращаться к ГОСТ 7.32 -2001 Отчет о научно-
исследовательской работе, ГОСТ 2.105-95 Общие требования к текстовым документам, ГОСТ Р 7.0.12-2011
Библиографическая запись. Сокращение слов и словосочетаний на русском языке. Общие правила и
требования, ГОСТ Р 7.0.5-2008. Библиографическая ссылка. Общие требования и правила составления
Титульный лист оформляется по образцу (Приложение 1).
Содержание ВКР — оглавление работы,"
58,8,Методические рекомендации по ВКР,vkr_guidelines.pdf,https://www.hse.ru/mirror/pubs/share/1011417046.pdf,methodical,vkr,17,"бщие правила и
требования, ГОСТ Р 7.0.5-2008. Библиографическая ссылка. Общие требования и правила составления
Титульный лист оформляется по образцу (Приложение 1).
Содержание ВКР — оглавление работы, сформированное
автоматически. Оглавление не должно быль более 2 страниц и иметь не глубже
трех уровней заголовков. Титульный лист и аннотация не при водятся в
оглавлении.
Распечатанная работа должна быть переплетена. Рекомендуется формат
переплета с прозрачной обложкой на пластиковой пружине либо твердый
переплет. Возможны дополнительные варианты переплёта: например,
приклейка уголка для отзыва и рецензии (прозрачный пластик).
3.2 Правила написания аббревиатур, сокращений и имен собственных
В тексте выпускной квалификационной работы, кроме общепринятых
буквенных аббревиатур, могут быть исп ользованы вводимые лично авторами
буквенные аббревиатуры, сокращенно обозначающие какие-либо понятия из
соответствующих о бластей знания. При этом первое упоминание таких
аббревиатур указывается в круглых скобках после полного наименования, в
дальнейшем они употребляются в тексте без расшифровки. Аббревиатура с
расшифровкой приводится также в списке сокращений и обозначений.
Сокращение русских"
59,8,Методические рекомендации по ВКР,vkr_guidelines.pdf,https://www.hse.ru/mirror/pubs/share/1011417046.pdf,methodical,vkr,18,"круглых скобках после полного наименования, в
дальнейшем они употребляются в тексте без расшифровки. Аббревиатура с
расшифровкой приводится также в списке сокращений и обозначений.
Сокращение русских слов и словосочетаний в тексте ВКР производится
по ГОСТ 7.12-93.
Фамилии, названия учреждений, организаций, фирм, название изделий и
другие имена собственные в тексте ВКР приводят на языке оригинала.
Допускается транслитерировать имена собственные и приводить названия
организаций в переводе на язык ВКР с добавлением (при первом упоминании)
оригинального названия.
3.3 Правила написания формул
Формулы располагают отдельными строками в центре листа или внутри
текстовых строк. В тексте рекомендуется помещать короткие простые
формулы, не имеющие самостоятельного значения и не пронумерованные.
Наиболее важные формулы, а также длинные и громоздкие формулы,
содержащие знаки суммирования, произведения, дифференцирования,
интегрирования, располагают на отдельных строках. Для экономии места
несколько коротких однотипных формул, выделенных из текста, можно
помещать на одной строке, а не одну под другой.
Нумеровать следует наиболее важные формулы, на которые имеются
ссылки в работе. Порядковые"
60,8,Методические рекомендации по ВКР,vkr_guidelines.pdf,https://www.hse.ru/mirror/pubs/share/1011417046.pdf,methodical,vkr,19,"колько коротких однотипных формул, выделенных из текста, можно
помещать на одной строке, а не одну под другой.
Нумеровать следует наиболее важные формулы, на которые имеются
ссылки в работе. Порядковые номера формул обозначают арабскими цифрами в
круглых скобках у правого края страницы. Обозначения, приведенные
латинскими и русскими буквами, пишутся курсивом; остал ьные символы в
формуле (включая греческие буквы, цифры, знаки, скобки) пишутся обычным
шрифтом; математические знаки (плюс, минус, …) отбиваются пробелом.
Например,
C = (1 + 𝑥)𝑛 = 1 +
1! +
𝑛(𝑛−1)𝑥2
2! + ⋯ (1)
Обязательно приводятся описания обозначений в формуле. В тексте
должна быть ссылка на каждую пронумерованную формулу.
Формулы, помещаемые в приложениях, должны нумероваться отдельной
нумерацией арабскими цифрами в пределах каждого приложения с
добавлением перед каждой цифрой обозначения приложения, например
формула (В. 1). Ссылки в тексте на порядковые номера формул дают в скобках.
Пример: (...) в формуле (1). Допускается нумерация формул в пределах раздела.
В этом случае номер формулы состоит из номера раздела и порядкового номера
формулы, разделенных точкой, например (3.1).
3.4 Правила оформления таблиц,"
61,8,Методические рекомендации по ВКР,vkr_guidelines.pdf,https://www.hse.ru/mirror/pubs/share/1011417046.pdf,methodical,vkr,20,"Допускается нумерация формул в пределах раздела.
В этом случае номер формулы состоит из номера раздела и порядкового номера
формулы, разделенных точкой, например (3.1).
3.4 Правила оформления таблиц, рисунков и графиков
Таблицы и рисунки должны иметь названия и порядковую нумерацию.
В тексте работы должны быть обязательно ссылки на них (например, табл. 1,
рис. 3). Нумерация таблиц и рисунков должна быть сквозной для всего текста
выпускной квалификационной работы.
Порядковый номер таблицы проставляется в правом верхнем углу над ее
названием. В каждой таблице следует указывать единицы измерения
показателей и период времени, к которому относятся данные. Если единица
измерения в таблице является общей для всех числовых табличных данных, то ее
приводят в заголовке таблицы после ее названия. Примерами оформления
таблицы могут являться таблица 1 и таблица 2:
Таблица 1 – Энергетический базис деления ядра урана-235
Вид энергии Энергия Доля от общего
количества
высвобождающейся
энергии, % пДж МэВ
Кинетическая энергия
осколков деления 26,9 168 83,5
То же, нейтронов
деления 0,8 5 2,5
Энергия
радиоактивного
излучения продуктов
деления 2,9 18 9,0
Энергия нейтрино,
испускаемых
продуктами"
62,8,Методические рекомендации по ВКР,vkr_guidelines.pdf,https://www.hse.ru/mirror/pubs/share/1011417046.pdf,methodical,vkr,21,", % пДж МэВ
Кинетическая энергия
осколков деления 26,9 168 83,5
То же, нейтронов
деления 0,8 5 2,5
Энергия
радиоактивного
излучения продуктов
деления 2,9 18 9,0
Энергия нейтрино,
испускаемых
продуктами деления 1,6 10 5,0
Всего 32,2 201 100
Таблица 2 – Возрастная структура производственного оборудования в
промышленности России, %
Год
Всё
оборудование
на конец года
Из него в возрасте, лет Средний
возраст,
лет до 5 6–10 11–20 свыше 20
1980
1990
1995
1996
1997
1998
1999
2000
2002
100
35,5
29,4
10,1
7,2
5,2
5,4
4,1
4,7
5,7
28,7
28,3
29,8
27,5
24,1
20,1
15,2
10,6
7,6
25,1
27,3
36,9
39,5
42,2
44,2
45,8
46,5
45,1
10,7
15,0
23,2
25,8
29,0
31,6
34,8
38,2
41,6
9,5
10,8
14,3
15,2
16,1
17,0
17,9
18,7
19,4
При оформлении таблиц используется шрифт на 1 пункт меньше основного
текста, допускается использовать шрифт Arial 10. межстрочный интервал в таблице
одинарный, выравнивание по левому краю без отступа. Столбцы с цифрами
выравниваются по разрядам, чтобы единицы стояли под единицами, десятки под
десятками и т.д. Выравнивание заголовков столбцов допускается по центру.
Таблицу с большим количеством строк допускается переносить на другой лист
(страницу). При переносе части таблицы на другой лист"
63,8,Методические рекомендации по ВКР,vkr_guidelines.pdf,https://www.hse.ru/mirror/pubs/share/1011417046.pdf,methodical,vkr,22,"десятками и т.д. Выравнивание заголовков столбцов допускается по центру.
Таблицу с большим количеством строк допускается переносить на другой лист
(страницу). При переносе части таблицы на другой лист (страницу) слово
«Таблица» и номер ее указывают один раз справа над первой частью таблицы,
над другими частями пишут слово «Продол жение» и указывают номер
таблицы, например: «Продолжение таблицы 1». При переносе таблицы на
другой лист (страницу) заголовок помещают только над ее первой частью, а
названия столбцов или их номера (тогда под строчкой заголовков столбцов вводят
строчку номеров столбцов таблицы) должны дублироваться на каждой странице.
Пример см. в табл. 3:
Таблица 3 – Номинальные размеры, в миллиметрах
Номинальный
диаметр резьбы
болта, винта,
шпильки
Внутренний
диаметр
шайбы
Толщина шайбы
легкой нормальной тяжелой
а b а b а b
2,0 2,1 0,5 0,8 0,5 0,5 — —
2,5 2,6 0,6 0,8 0,6 0,6 — —
3,0 3.1 0,8 1,0 0,8 0,8 1,0 1,2
Продолжение таблицы 3
Номинальный
диаметр резьбы
болта, винта,
шпильки
Внутренний
диаметр
шайбы
Толщина шайбы
легкой нормальной тяжелой
а b а b а b
4,0 4,1 1,0 1,2 1,0 1,2 1.2 1.6
… … …. …. …. …. …. ….
42,0 42,5 --- --- 9.0 9,0 --- ---
Порядковый номер рисунка и"
64,8,Методические рекомендации по ВКР,vkr_guidelines.pdf,https://www.hse.ru/mirror/pubs/share/1011417046.pdf,methodical,vkr,23,"шпильки
Внутренний
диаметр
шайбы
Толщина шайбы
легкой нормальной тяжелой
а b а b а b
4,0 4,1 1,0 1,2 1,0 1,2 1.2 1.6
… … …. …. …. …. …. ….
42,0 42,5 --- --- 9.0 9,0 --- ---
Порядковый номер рисунка и его название проставляются под рисунком,
посередине строки. При построении графиков по осям координат в водятся
соответствующие показатели, буквенные обозначения которых выносятся на
концы координатных осей, фиксируемые стрелками. При необходимости вдоль
координатных осей делаются поясняющие надписи. Шрифт подписи рисунка,
как и таблицы, на 1 пункт меньше.
Рисунок 1 – Изменение концентрации азота в резонаторе в процессе горения
разряда и времени хранения резонатора кривая 1 - 0 часов, кривая 2 - 600 часов,
кривая 3 - 1500 часов, кривая 4 - 2500 часов, кривая 5 - 5000
Рисунок 2 – Пользовательский интерфейс диспетчерского приложения
3.5 Правила нумерации страниц
Страницы ВКР следует нумеровать арабскими цифрами, соблюдая
сквозную нумерацию по всему тексту. Номер страницы проставляют в центре
нижней части листа без точки. Титульный лист включают в общую нумерацию
страниц ВКР. Номер страницы на титульном листе не пр оставляют.
Иллюстрации и таблицы, расположенные на отдельных листах,"
65,8,Методические рекомендации по ВКР,vkr_guidelines.pdf,https://www.hse.ru/mirror/pubs/share/1011417046.pdf,methodical,vkr,24,"центре
нижней части листа без точки. Титульный лист включают в общую нумерацию
страниц ВКР. Номер страницы на титульном листе не пр оставляют.
Иллюстрации и таблицы, расположенные на отдельных листах, включают в
общую нумерацию страниц работы. Если формат работы требует вставки
листов формата АЗ, это возможно, они также вшиваются в работу.
3.6 Правила нумерации разделов
Разделы ВКР должны иметь порядковые номера в пределах всего
документа, обозначенные арабскими цифрами без точки и записанные с
абзацного отступа. Подразделы должны иметь нумерацию в пределах каждого
раздела. Номер подраздела состоит из номеров раздела и подраздела,
разделенных точкой. В конце номера подраздела точка не ставится. Разделы,
как и подразделы, могут состоять из одного или нескольких пунктов. Если
раздел не имеет подразделов, то нумерация пунктов в ней должна быть в
пределах каждого раздела, и номер пункта д олжен состоять из номеров раздела
и пункта, разделенных точкой. В конце номера пункта точка не ставится.
Пример:
1 Типы и основные размеры
1.1
1.2 Нумерация пунктов первого раздела
1.3
2 Технические требования
2.1
2.2 Нумерация пунктов второго раздела
2.3
Если раздел имеет подразделы, то нумерация"
66,8,Методические рекомендации по ВКР,vkr_guidelines.pdf,https://www.hse.ru/mirror/pubs/share/1011417046.pdf,methodical,vkr,25,"авится.
Пример:
1 Типы и основные размеры
1.1
1.2 Нумерация пунктов первого раздела
1.3
2 Технические требования
2.1
2.2 Нумерация пунктов второго раздела
2.3
Если раздел имеет подразделы, то нумерация пунктов должна быть в
пределах подраздела и номер пункта должен состоять из номеров раздела,
подраздела и пункта, разделенных точками, например:
3 Методы испытаний
3.1 Аппараты, материалы и реактивы
3.1.1
3.1.2 Нумерация пунктов первого подраздела третьего раздела
документа
3.1.3
3.2 Подготовка к испытанию
3.2.1
3.2.2 Нумерация пунктов второго подраздела третьего раздела
документа
3.2.3
Если раздел состоит из одного подраздела, то подраздел не нумеруется.
Если подраздел состоит из одного пункта, то пункт не нумеруется. Наличие
одного подраздела в разделе эквивалентно их фактическому отсутствию.
Пункты, при необходимости, могут быть разбит ы на подпункты, которые
должны иметь порядковую нумерацию в пределах каждого пункта, например
4.2.1.1, 4.2.1.2, 4.2.1.3 и т. д.
Внутри пунктов или подпунктов могут быть приведены перечисления.
Перед каждым перечислением следует ставить дефис или, при необ ходимости
ссылки в тексте документа на одно из перечислений, строчную букву (за
исключением"
67,8,Методические рекомендации по ВКР,vkr_guidelines.pdf,https://www.hse.ru/mirror/pubs/share/1011417046.pdf,methodical,vkr,26,"подпунктов могут быть приведены перечисления.
Перед каждым перечислением следует ставить дефис или, при необ ходимости
ссылки в тексте документа на одно из перечислений, строчную букву (за
исключением ё, з, о, г, ь, и, ы, ъ), после которой ставится скобка. Для
дальнейшей детализации перечислений необходимо использовать арабские
цифры, после которых ставится скобк а, а запись производится с абзацного
отступа, как показано в примере:
а)___________
б)___________
1)_____
2)_____
в)___________
Каждый структурный элемент ВКР следует начинать с нового листа
(страницы).
3.7 Правила оформления списка использованных источников
Список использованных источников представляет собой
библиографический список, в который включаются монографическая и
учебная литература, периодическая литература (статьи из журн алов и газет),
законодательные и инструктивные материалы, статистические сборники и
другие отчетные и учетные материалы, Интернет-сайты.
Сведения об источниках следует располагать в порядке появления
ссылок на источники в тексте отчета и нумеровать арабскими цифрами без
точки и печатать с абзацного отступа. Возможно также расположение
использованных источников в списке в алфавитном"
68,8,Методические рекомендации по ВКР,vkr_guidelines.pdf,https://www.hse.ru/mirror/pubs/share/1011417046.pdf,methodical,vkr,27,"рядке появления
ссылок на источники в тексте отчета и нумеровать арабскими цифрами без
точки и печатать с абзацного отступа. Возможно также расположение
использованных источников в списке в алфавитном порядке.
Ссылка на источник дается на языке указанного источника.
При ссылке на авторскую книгу указываются в следующем порядке:
фамилия и инициалы автора(-ов), название книги, том (если есть), город,
издательство, год, раздел (если требуется).
Общие правила:
 между фамилией и инициалами автора — только пробел;
инициалы пишутся после фамилии, после каждого из них ставится точка, а
между ними нет пробела;
 название книги пишется без кавычек, но с точкой на конце; слово
«том» пишется сокращенно «Т.»; после номера тома ставится точка, название
тома пишется без кавычек, но с точкой на конце;
 города Москва и Санкт-Петербург пишутся сокращенно (М. и
СПб.), а все остальные — полностью;
 город от издательства отделяется двоеточием;
 название издательства пишется без кавычек и без слова
«издательство»;
 после издательства перед годом издания ставится запятая;
 после года слово «год» или сокращение «г.» не пишется, ставится
точка;
 при ссылке на конкретные страницы книги пишется"
69,8,Методические рекомендации по ВКР,vkr_guidelines.pdf,https://www.hse.ru/mirror/pubs/share/1011417046.pdf,methodical,vkr,28,"ва
«издательство»;
 после издательства перед годом издания ставится запятая;
 после года слово «год» или сокращение «г.» не пишется, ставится
точка;
 при ссылке на конкретные страницы книги пишется «С.», а через
пробел диапазон номеров страниц, разделенных дефисом;
 при наличии авторов редактор не указывается.
Пример:
1. Новиков Д.А. Теория управления организационными системами. 2-
е изд. М.: Физматлит, 2013. С. 100-103.
2. Гаврилов Д.А. Управление производством на базе стандартов MRP-
II — принципы и практика. СПб: Питер, 2012.
3. Смирнов Г.Н., Сорокин А.А., Тельников Ю.Ф. Проектирование
экономических информационных систем: Учебник. М.: Финансы и
статистика, 2011.
При ссылке на книгу без авторов (под редакцией) указываются в
следующем порядке: название книги, том (если есть), фамилия и инициалы
редактора(-ов), город, издательство, год, раздел (если требуется).
Дополнительные правила:
 после названия книги (с томом, если есть) вместо точки ставится
символ наклонной вправо черты;
 после наклонной черты пишется «Под ред.» (англ.: «Ed. By») и
указывается фамилия и инициалы редактора(-ов);
 регалии редакторов не указываются.
Пример:
1. Глобальный бизн ес и инфо рмационные т"
70,8,Методические рекомендации по ВКР,vkr_guidelines.pdf,https://www.hse.ru/mirror/pubs/share/1011417046.pdf,methodical,vkr,29,"ты;
 после наклонной черты пишется «Под ред.» (англ.: «Ed. By») и
указывается фамилия и инициалы редактора(-ов);
 регалии редакторов не указываются.
Пример:
1. Глобальный бизн ес и инфо рмационные т ехнологии / П од р ед.
Попова В.М. М.: Финансы и статистика, 2011.
При ссылке на статью в журнале указываются в следующем порядке:
фамилия, инициалы автора(-ов), название статьи, название журнала, год, том
(volume), номер (number), выпуск (issue), страницы (pages).
Дополнительные правила:
 после названия статьи вместо точки ставится два символа наклонной
черты;
 после наклонной черты пишется название журнала (можно
использовать общепринятые сокращения);
 после названия журнал ставится точка;
 для указания тома, номера, выпуска и страниц следует
использовать стандартные сокращения: Т., №, вып., С. (англ.: V., N., I., P.);
 том, номер и выпуск пишутся через запятую;
 следует указывать диапазон страниц.
Пример:
1. Сластников С.А. Решение задач маршрутизации транспорта
методом муравьиных колоний // Мехатроника, автоматизация, управление.
2014. № 1. С. 18-21.
При ссылке на доклад в сборнике трудов указываются в следующем
порядке: фамилия и инициалы автора(-ов), название доклада,"
71,8,Методические рекомендации по ВКР,vkr_guidelines.pdf,https://www.hse.ru/mirror/pubs/share/1011417046.pdf,methodical,vkr,30,"вьиных колоний // Мехатроника, автоматизация, управление.
2014. № 1. С. 18-21.
При ссылке на доклад в сборнике трудов указываются в следующем
порядке: фамилия и инициалы автора(-ов), название доклада, наз вание
мероприятия, в рамках которого выпущен сборник, тема мероприятия, год, том
(если есть), страницы.
Дополнительные правила:
 название мероприятия указываются на месте названия журнала;
 тема мероприятия пишется в кавычках после его названия;
 нигде не указываются даты мероприятия (год выпуска трудов
необходим и достаточен).
Пример:
2. Сластников С.А. Применение алгоритма муравьиной колонии для
решения задачи маршрутизации транспорта // Ежегодная научно -техническая
конференция студентов, аспирантов и молодых специалистов МИЭМ НИУ
ВШЭ: Тезисы докладов. М.: МИЭМ НИУ ВШЭ, 2013. C.62-63.
3. Belov A., Sla stnikov S. A Metaheuristic Approach for the Problem of
Motor Fuel Distribution // 2nd International Conference on Information Technology
and Quantitative Management, ITQM 2014, Volume 31 . – Procedia Computer
Science, 2014. P.143-150
При ссылке на интернет-источник придерживаются вышеизложенных
правил и дополнительно указывают унифицированный указатель интернет-
ресурса (URL)"
72,8,Методические рекомендации по ВКР,vkr_guidelines.pdf,https://www.hse.ru/mirror/pubs/share/1011417046.pdf,methodical,vkr,31,"olume 31 . – Procedia Computer
Science, 2014. P.143-150
При ссылке на интернет-источник придерживаются вышеизложенных
правил и дополнительно указывают унифицированный указатель интернет-
ресурса (URL) и дату обращения. После би блиографической записи ставится
точка и указывается «URL: ссылка (дата обращения: дд.мм.гггг)».
Пример:
1. В.Г. Потемкин ""Справочник по MATLAB"". Графические команды и
функции. URL: (дата обращения
08.04.2014).
При ссылках на иные источники следует придерживаться общих
принципов, заключающихся в том, что ссылка должна однозначно указывать на
3.8 Правила оформления ссылок на использованные литературные и
другие источники
При заимствовании текста цитата приводится в кавычках, а после нее в
квадратных скобках указывается ссылка на литературный источник по списку
использованной литературы. Если делается ссылка на источник, но цитата из
него не при водится, то достаточно в квадратных скобках указать ссылку на
литературный источник.
3.9 Правила оформления приложений
Приложение – часть работы, которая имеет дополнительное, обычно
справочное значение, но является необходимой для более полного освещения
темы. По содержанию прил ожения могут быть очень разнообразны:"
73,8,Методические рекомендации по ВКР,vkr_guidelines.pdf,https://www.hse.ru/mirror/pubs/share/1011417046.pdf,methodical,vkr,32,"Приложение – часть работы, которая имеет дополнительное, обычно
справочное значение, но является необходимой для более полного освещения
темы. По содержанию прил ожения могут быть очень разнообразны: копии
подлинных до кументов, выдержки из отчетных материалов, отдельные
положения из инструкций и правил и т. д. По форме они могут представлять
собой текст, таблицы, графики, карты.
В приложение не включается список использованной литературы,
справочные комментарии и примечания, которые являются не приложениями к
основному тексту, а элементами справочно-сопроводительного аппарата
работы, помогающими пользоваться ее основным текстом. Приложения
оформляются как продолжение выпускной квалификационной работы на ее
последних страницах.
Каждое приложение должно начинаться с новой страницы с указанием в
правом верхнем углу слова «Приложение» и иметь те матический заголовок.
При наличии в работе более одного приложения их следует пронумеровать
или обозначить буквами русского или латинского алфавита. Нумерация
страниц, на которых даются приложения, должна быть сквозной и продолжать
общую нумерацию страниц основного текста. Связь основного текста с
приложениями осуществляется через ссылки, в"
74,8,Методические рекомендации по ВКР,vkr_guidelines.pdf,https://www.hse.ru/mirror/pubs/share/1011417046.pdf,methodical,vkr,33,"фавита. Нумерация
страниц, на которых даются приложения, должна быть сквозной и продолжать
общую нумерацию страниц основного текста. Связь основного текста с
приложениями осуществляется через ссылки, в виде указания на приложение в
круглых скобках, н апример (Приложение 1) или (Приложение А). Отражение
приложения в оглавлении работы делается в виде самостоятельной рубрики с
полным названием каждого приложения.
4 График подготовки ВКР
Работа на д ВКР начинается с момента выбора ст удентом темы и
руководителя ВКР, который фиксируется посредством системы LMS и
одобрения руководителем данного студента и темы посредством согласования
в системе LMS или подписания заявления. Крайний срок выбора темы и
руководителя ВКР определен в Графике выполнения ВКР (Прил ожение 4).
Работа над ВКР заканчивается представлением итогового варианта работы
секретарю ГЭК.
В течени е недели с даты выхода приказа об утверждении тем и
руководителей ВКР студент и его руководитель составляют задание на
выполнение магистерской диссертации в двух экземплярах. Один экземпляр
студент оставляет у себя (для включения в ВКР), а второй передает
руководителю работы.
Изменение или уточнение темы ВКР возможно не позднее,"
75,8,Методические рекомендации по ВКР,vkr_guidelines.pdf,https://www.hse.ru/mirror/pubs/share/1011417046.pdf,methodical,vkr,34,"магистерской диссертации в двух экземплярах. Один экземпляр
студент оставляет у себя (для включения в ВКР), а второй передает
руководителю работы.
Изменение или уточнение темы ВКР возможно не позднее, чем за месяц
до предполагаемой даты защиты на основании личного заявления студента,
согласованного с руководителем (шаблон заявления в Приложении 5). Смена
Руководителя ВКР допускается не позднее, чем за 2 месяца до защиты ВКР
(шаблон заявления в Приложении 6).
В сроки, определенные Графиком выполнения ВКР (Прил ожение 4),
студент представляет проект, первый вариант и итоговый вариант работы
научному руководителю, загружает работу в систему LMS для прохождения
проверки на плагиат ( особенности проверки работы описаны в Регламенте
использования системы ""Антиплагиат"" для сбора и проверки письменных
учебных работ в Государственном университете – Высшей школе экономики), а
также сдает итоговый вариант работы в бумажной версии, с аннотацией на
русском и английском языке, отзывом руководителя, справкой из системы
«Антиплагиат» в Учебный офис/секретарю ГЭК.
5 Подготовка к защите
В сроки, определенные Графиком выполнения ВКР (Прил ожение 4),
студент сдает работу руководителю ВКР для"
76,8,Методические рекомендации по ВКР,vkr_guidelines.pdf,https://www.hse.ru/mirror/pubs/share/1011417046.pdf,methodical,vkr,35,"водителя, справкой из системы
«Антиплагиат» в Учебный офис/секретарю ГЭК.
5 Подготовка к защите
В сроки, определенные Графиком выполнения ВКР (Прил ожение 4),
студент сдает работу руководителю ВКР для подготовки отзыва.
В отзыве научный руководитель (шаблон отзыва в приложении 7,
пример, носящий рекомендательный характер, – в приложении 8) характеризует
качество работы, отмечает положительные стороны, особое внимание обращает
на недостатки. Руководителю следует отразить следующие вопросы (можно
добавить/исключить разделы без изменения сути):
 актуальность разработки или темы исследования;
 новизна предлагаемых решений;
 практическая значимость результатов работы;
 полнота раскрытия темы и степень решения задачи;
 оценка внедрения результатов работы (если таковое имеется);
 качество оформления текста ВКР;
 самостоятельность студента при подготовке работы, объем
самостоятельно выполненной работы
В итоге научный руководитель оценивает выпускную
квалификационную работу по 10 -ти бальной (число) и 5-ти ба льной шкале
(словесная оценка) и рекомендует работу к защите, а студента – к присвоению
степени магистра по соответствующему направлению . Следует отметить, что
оценка,"
77,8,Методические рекомендации по ВКР,vkr_guidelines.pdf,https://www.hse.ru/mirror/pubs/share/1011417046.pdf,methodical,vkr,36,"0 -ти бальной (число) и 5-ти ба льной шкале
(словесная оценка) и рекомендует работу к защите, а студента – к присвоению
степени магистра по соответствующему направлению . Следует отметить, что
оценка, указанная в отзыве, не является итоговой.
5.1 Процедура предзащиты
По окончании работы над ВКР, по усмотрению руководителя ВКР, для
студента может быть организована предзащита с презентацией результатов
работы. Предзащита может проводиться в присутствии нескольких
преподавателей, реализующих учебные курсы в рамках данной
образовательной программы . Для предзащиты студент готовит доклад с
презентацией и раздаточными материалами (при необходимости ).
На предзащите студент делает доклад с презентационными материалами
10 минут и предоставляет для рассмотрения комиссией оформленную и
распечатанную ВКР, отзыв научного руководителя.
После доклада присутствующие на предзащите задают докладчику
вопросы, на которые он должен ответить. Вопросы затрагивают как содержание
работы, так и в целом профессиональную п одготовку защищающе гося. По
итогам предзащиты студенту могут быть даны рекомендации.
5.2 Рецензирование ВКР
Руководители ВКР предлагают кандидатуры рецензентов из числа
сотрудников"
78,8,Методические рекомендации по ВКР,vkr_guidelines.pdf,https://www.hse.ru/mirror/pubs/share/1011417046.pdf,methodical,vkr,37,"профессиональную п одготовку защищающе гося. По
итогам предзащиты студенту могут быть даны рекомендации.
5.2 Рецензирование ВКР
Руководители ВКР предлагают кандидатуры рецензентов из числа
сотрудников профильных предприятий, являющихся
высококвалифицированными специалистами по тематикам ВКР н аправления
подготовки магистров. В качестве рецензентов могут выступать и
преподаватели МИЭМ и других факультетов НИУ ВШЭ.
Не позднее, чем через три календарных дня после получения итогового
комплекта документов, секретарь ГЭК направляет ВКР студента на
рецензирование. В рецензии (шаблон рецензии в приложении 10, пример,
носящий рекомендательный характер, - в приложении 10) должны быть даны
анализ содержания и основных положений рецензируемой работы, оценка
актуальности избранной темы, степени обоснованности выводов и
рекомендаций, достоверности полученных результатов, их новизны и
практической зн ачимости. Наряду с положительными сторонами работы
отмечаются недостатки работы. В заключение рецензент дает характеристику
общего уровня выпускной квалификационной работы, оценивает ее по 10 -ти
бальной (число) и 5-ти бальной шкале (словесная оценка) и рекомендует работу
к защите, а студента – к"
79,8,Методические рекомендации по ВКР,vkr_guidelines.pdf,https://www.hse.ru/mirror/pubs/share/1011417046.pdf,methodical,vkr,38,"ензент дает характеристику
общего уровня выпускной квалификационной работы, оценивает ее по 10 -ти
бальной (число) и 5-ти бальной шкале (словесная оценка) и рекомендует работу
к защите, а студента – к присвоению степени магистра по соответствующему
направлению.
Объем рецензии должен составлять от одной до трех страниц
машинописного текста.
Содержание рецензии на ВКР доводится учебным офисом
ОП/Секретарем ГЭК до сведения студента не позднее , чем за три дня до
защиты ВКР, чтобы студент мог заранее подготовить ответы по существу
сделанных рецензентом замечаний.
6 Защита ВКР
Порядок проведения защиты ВКР приведен в Положении об итоговой
государственной аттестации выпускников НИУ ВШЭ.
6.1 Структура доклада
При подготовке к защите ВКР студент должен подготовить доклад,
подготовиться к ответам на вопросы и подготовить демонстра ционные
материалы.
На усмотрение студента и/или по рекомендации научного
руководителя/комиссии предзащиты студент может подготовить текст доклада.
Однако, зачитывать текст не рекомендуется. На доклад отводится 10-15 минут.
В докладе необходимо пояснить цели и задачи работы, коротко
охарактеризовать предметную область, раскрыть суть проведенных
исследований и"
80,8,Методические рекомендации по ВКР,vkr_guidelines.pdf,https://www.hse.ru/mirror/pubs/share/1011417046.pdf,methodical,vkr,39,"ывать текст не рекомендуется. На доклад отводится 10-15 минут.
В докладе необходимо пояснить цели и задачи работы, коротко
охарактеризовать предметную область, раскрыть суть проведенных
исследований и обосновать выбор технических решений, выделить результаты
работы. Доклад не должен содержать лишних подробностей, технических
деталей, особенно если они относятся к общеизвестным сведениям. В докладе
нужно обязательно подчеркнуть то, что выполнено лично автором рабо ты в
ходе ее выполнения.
6.2 Рекомендации к презентации
Презентация должна быть наглядной: рекомендуется в презентации
делать акцент на структурное, системное, графическое и схематичное
представление материала, избегая сплошного те кста, длинных пр едложений.
Текстовые сокращения в презентации не допускаются. Рекомендуемый
объем презентации – 7-15 слайдов.
Примерная структура презентации:
Слайд 1. Титульный лист презентации
ВУЗ, Образовательная программа
Название ВКР ФИО докладчика
ФИО, степень, звание и должность научного руководителя, консультанта
Дата
Слайд 2. Постановка задачи
Цель работы
Список задач работы
Слайд 3
Анализ и обоснование выбора метода решения
Слайды 4, 5, 6…
Описание решения задач в той же"
81,8,Методические рекомендации по ВКР,vkr_guidelines.pdf,https://www.hse.ru/mirror/pubs/share/1011417046.pdf,methodical,vkr,40,"ь научного руководителя, консультанта
Дата
Слайд 2. Постановка задачи
Цель работы
Список задач работы
Слайд 3
Анализ и обоснование выбора метода решения
Слайды 4, 5, 6…
Описание решения задач в той же последовательности и формулировках, в
которых они фигурировали в постановке задачи
Слайд 7, 8, 9…
Результаты моделирования/программной реализации/ аппаратной
реализации предлагаемых решений.
Заключительный слайд
Выводы о решении поставленных задач и достигнутой цели работы в тех
же формулировках, в которых они фигурировали в п остановке зад ачи.
Перспективы развития и использования полученных результатов.
Результаты защиты ВКР опр еделяются на основе оценок членов ГЭК за
содержание работы, ее защиту, включая доклад, ответы вопросы и замечания
рецензента. Результирующая оценка за защиту ВКР формируется как среднее
значение от оценок членов ГЭК. Результирующая оценка округляется до
ближайшего большего целого, если дробная часть оценки не ниже 0,5, в
противном случае оценка округляется до ближайшего меньшего целого.
Приложение 1
Шаблон титульного листа ВКР
ФЕДЕРАЛЬНОЕ ГОСУДАРСТВЕННОЕ АВТОНОМНОЕ
ОБРАЗОВАТЕЛЬНОЕ УЧРЕЖДЕНИЕ ВЫСШЕГО ОБРАЗОВАНИЯ
Московский институт электроники и математики"
82,8,Методические рекомендации по ВКР,vkr_guidelines.pdf,https://www.hse.ru/mirror/pubs/share/1011417046.pdf,methodical,vkr,41,"ближайшего меньшего целого.
Приложение 1
Шаблон титульного листа ВКР
ФЕДЕРАЛЬНОЕ ГОСУДАРСТВЕННОЕ АВТОНОМНОЕ
ОБРАЗОВАТЕЛЬНОЕ УЧРЕЖДЕНИЕ ВЫСШЕГО ОБРАЗОВАНИЯ
Московский институт электроники и математики им. А.Н. Тихонова
Фамилия Имя Отчество автора
НАЗВАНИЕ ТЕМЫ ВКР
Выпускная квалификационная работа – магистерская диссертация
по направлению 11.04.04 Электроника и наноэлектроника
шифр наименование направления подготовки
студента образовательной программы магистратуры
«Прикладная электроника и фотоника»
наименование образовательной программы
Студент
______________ ___________________
подпись И.О. Фамилия
Рецензент
д.т.н., проф.
________________________
И.О. Фамилия
Научный руководитель
д.т.н., проф.
______________ ___________________
подпись И.О. Фамилия
Консультант
к.т.н., доцент
________________________
И.О. Фамилия
Москва 20__
Приложение 2
Шаблон задания на выполнение магистерской диссертации
ПРАВИТЕЛЬСТВО РОССИЙСКОЙ ФЕДЕРАЦИИ
ФЕДЕРАЛЬНОЕ ГОСУДАРСТВЕННОЕ АВТОНОМНОЕ ОБРАЗОВАТЕЛЬНОЕ
УЧРЕЖДЕНИЕ ВЫСШЕГО ОБРАЗОВАНИЯ
Московский институт электроники и математики им. А.Н. Тихонова
ЗАДАНИЕ
на выполнение магистерской диссертации
студенту группы _____ Фамилия Имя Отчество
1. Тема работы
2."
83,8,Методические рекомендации по ВКР,vkr_guidelines.pdf,https://www.hse.ru/mirror/pubs/share/1011417046.pdf,methodical,vkr,42,"УЧРЕЖДЕНИЕ ВЫСШЕГО ОБРАЗОВАНИЯ
Московский институт электроники и математики им. А.Н. Тихонова
ЗАДАНИЕ
на выполнение магистерской диссертации
студенту группы _____ Фамилия Имя Отчество
1. Тема работы
2. Цель работы
3. Формулировка задания
Проект ВКР должен быть предоставлен студентом в срок до «___»__________20__г.
Научный руководитель ВКР «___»_________ 20__ г. ______________ И.О. Фамилия
Первый вариант ВКР предоставлен студентом в срок до «___»__________20__г.
Научный руководитель ВКР «___»_________ 20__ г. ______________ И.О. Фамилия
Итоговый вариант ВКР предоставлен студентом в срок до «___»__________20__г.
Научный руководитель ВКР «___»_________ 20__ г. ______________ И.О. Фамилия
Задание выдано студенту «___» _________ 20__ г. ______________ И.О. Фамилия
научного руководителя ВКР
Задание принято к
исполнению студентом «___» _________ 20__ г. ______________ И.О. Фамилия
Приложение 3
Пример аннотации на русском и английском языках
Аннотация
В данной работе о бъектом исследования являются гало -орбиты вокруг коллинеарных
точек либрации и их аналитическая аппроксимация по методике Ричардсона. Цель работы –
анализ процесса аппроксимации гало -орбиты и моделирование результатов"
84,8,Методические рекомендации по ВКР,vkr_guidelines.pdf,https://www.hse.ru/mirror/pubs/share/1011417046.pdf,methodical,vkr,43,"я являются гало -орбиты вокруг коллинеарных
точек либрации и их аналитическая аппроксимация по методике Ричардсона. Цель работы –
анализ процесса аппроксимации гало -орбиты и моделирование результатов аппроксимации.
В процессе работы была изучена аппроксимация гало-орбит по методике Д.Л. Ричардсона на
основе метода Линдштедта -Пуанкаре с учётом коррекции Р. Турмана и П.А. Ворфолька.
Разработаны программы на языках Си и MATLAB для расчёта гало -орбит. Проведено
моделирование гало-орбит и их а налитических аппроксимаций вплоть до третьего порядка.
Было выяснено, что коррекция Р. Турмана и П.А. Ворфолька оказывает незначительное
влияние на решение Д.Л. Ричардсона. Результаты работы могут быть применимы при
проектировании миссий к точке L2 системы Солнце – Земля.
Analytic Construction of Halo Orbits about the Collinear Libration Points
____________________ (Student’s Name)
Abstract
In this work, halo orbits about the collinear libration points are studied. Richardson’s
technique for third-order analytical solution for halo-type periodic motion about the collinear points
of the circular -restricted three body problem is presented. The solution is constructed by D.L.
Richardson using"
85,8,Методические рекомендации по ВКР,vkr_guidelines.pdf,https://www.hse.ru/mirror/pubs/share/1011417046.pdf,methodical,vkr,44,"ird-order analytical solution for halo-type periodic motion about the collinear points
of the circular -restricted three body problem is presented. The solution is constructed by D.L.
Richardson using the method of successive approximations with a technique similar to the
Lindstedt-Poincaré method. The correction by R. Thurman and P.A. Worfolk to Richardson’s result
is considered. The theory is applied to the Sun -Earth system. The C and MATLAB code are
developed to evaluate Richardson’s approximation parameters. The modeling shows the correction
by R. Thurman and P.A. Worfolk did not noticeably affect the orbital motion. The results of this
work may be useful for future missions planning to L2 point of the Sun-Earth.
Supervisor: Prof. ______________
Приложение 4
Примерный график выполнения различных этапов подготовки ВКР
п/п Этап работы над ВКР Срок выполнения
Сбор информации Учебным офисом, содержащей
предложения тем ВКР от Департамента, научных
подразделений, отдельных преподавателей, научных
работников НИУ ВШЭ, ключевых для данной ОП
работодателей
Сентябрь
Предварительные консультации студентов с
потенциальными научными руководителями ВКР,
обсуждение тематики
Сентябрь
3"
86,8,Методические рекомендации по ВКР,vkr_guidelines.pdf,https://www.hse.ru/mirror/pubs/share/1011417046.pdf,methodical,vkr,45,"давателей, научных
работников НИУ ВШЭ, ключевых для данной ОП
работодателей
Сентябрь
Предварительные консультации студентов с
потенциальными научными руководителями ВКР,
обсуждение тематики
Сентябрь
3 Согласование списка тем ВКР академическим
советом/академическим руководителем ОП Октябрь
3 Публикация в открытом доступе утвержденных тем ВКР Октябрь
5 Принятие решения академическим советом ОП о
6 Издание приказа об утверждении тем ВКР Ноябрь
7 Подготовка проекта ВКР, оценивание руководителем Декабрь
8 Повторное представление проекта ВКР (при не
утверждении руководителем) Декабрь
9 Изменение/уточнение темы ВКР, подача заявления на
изменение темы и/или руководителя ВКР, выпуск приказа
не позднее месяца до даты
защиты ВКР)
10 Назначение рецензента приказом не позднее, чем за месяц до
даты защиты ВКР
11 Предъявление первого варианта ВКР не позднее, чем за 6 недель
до даты защиты ВКР
Доработка ВКР, подготовка итогового варианта ВКР
(включая предъявление итогового варианта и аннотации
руководителю)
не позднее, чем за 4 недели
до даты защиты ВКР
13 Загрузка ВКР в систему «Антиплагиат» (в специальном
модуле LMS).
не позднее, чем за 4 недели
до даты защиты ВКР
14 Предоставление"
87,8,Методические рекомендации по ВКР,vkr_guidelines.pdf,https://www.hse.ru/mirror/pubs/share/1011417046.pdf,methodical,vkr,46,"отации
руководителю)
не позднее, чем за 4 недели
до даты защиты ВКР
13 Загрузка ВКР в систему «Антиплагиат» (в специальном
модуле LMS).
не позднее, чем за 4 недели
до даты защиты ВКР
14 Предоставление руководителем отзыва на ВКР не позднее, чем за 3 недели
до даты защиты ВКР
Представление итогового варианта ВКР (с аннотацией,
отзывом руководителя, справкой из системы
""Антиплагиат"") в Учебный офис / секретарю ГЭК
не позднее, чем за 3 недели
до даты защиты ВКР
16 Предзащита ВКР (при необходимости) не позднее 2 недель до
защиты ВКР
17 Направление письменной рецензии на ВКР в учебный
офис / секретарю ГЭК
не позднее, чем за неделю
до даты защиты ВКР
18 Ознакомление студента с содержанием рецензии, чтобы
он мог подготовить ответ на замечания 3 дня до защиты ВКР
19 Защита ВКР
Начало июня
согласно утвержденному
графику ГИА
Приложение 5
Заявление на изменение темы ВКР
и.о. директора , научному руководителю
МИЭМ НИУ ВШЭ им. А.Н. Тихонова
Е.А. Круку
от студента____________________________
курса, группы
______________________________________
Ф.И.О. полностью
______________________________________
контактный телефон
З А Я В Л Е Н И Е
Прошу Вас разрешить мне изменить"
88,8,Методические рекомендации по ВКР,vkr_guidelines.pdf,https://www.hse.ru/mirror/pubs/share/1011417046.pdf,methodical,vkr,47,"_____________________
курса, группы
______________________________________
Ф.И.О. полностью
______________________________________
контактный телефон
З А Я В Л Е Н И Е
Прошу Вас разрешить мне изменить тему
_____________________________________________________________________________,
курсовой работы, выпускной квалификационной работы студента/магистранта
утвержденную приказом №____________________ от _______________.
Ранее утвержденная тема:
на русском языке
Old Theme:
In English
Новая тема:
на русском языке
New Theme:
In English
_____._____20_____г. ________________ ________________________
подпись фамилия, инициалы
Согласовано: __________
подпись
______________________
Научный руководитель
Согласовано: __________
подпись
_______________________
Академический руководитель
Согласовано:__________
подпись
_______________________
Руководитель департамента
Приложение 6
Заявление на изменение руководителя и темы ВКР
и.о. директора , научному руководителю
МИЭМ НИУ ВШЭ им. А.Н. Тихонова
Е.А. Круку
от студента____________________________
курса, группы
_______________________________________
Ф.И.О. полностью
______________________________________
контактный телефон
З А Я В Л Е Н И Е
Прошу"
89,8,Методические рекомендации по ВКР,vkr_guidelines.pdf,https://www.hse.ru/mirror/pubs/share/1011417046.pdf,methodical,vkr,48,". Круку
от студента____________________________
курса, группы
_______________________________________
Ф.И.О. полностью
______________________________________
контактный телефон
З А Я В Л Е Н И Е
Прошу Вас разрешить мне изменить тему
_____________________________________________________________________________,
курсовой работы, выпускной квалификационной работы студента/магистранта
утвержденную приказом №____________________ от _______________.
Ранее утвержденная тема:
на русском языке
Old Theme:
In English
Новая тема:
на русском языке
New Theme:
In English
_____._____20_____г. ________________ ________________________
подпись фамилия, инициалы
Ранее утвержденный
научный руководитель:
должность и ученая степень подпись фамилия, инициалы
Научный руководитель:
должность и ученая степень подпись фамилия, инициалы
Согласовано: __________
подпись
_______________________
Академический руководитель
Согласовано:__________
подпись
_______________________
Руководитель департамента
Приложение 8
Приложение 7
Шаблон отзыва научного руководителя на ВКР
Федеральное государственное автономное образовательное учреждение высшего
Московский институт электроники и математики им. А.Н. Тихонова
ОТЗЫВ"
90,8,Методические рекомендации по ВКР,vkr_guidelines.pdf,https://www.hse.ru/mirror/pubs/share/1011417046.pdf,methodical,vkr,49,"8
Приложение 7
Шаблон отзыва научного руководителя на ВКР
Федеральное государственное автономное образовательное учреждение высшего
Московский институт электроники и математики им. А.Н. Тихонова
ОТЗЫВ НАУЧНОГО РУКОВОДИТЕЛЯ
о выпускной квалификационной работе - магистерской диссертации
Студента _______________________________________ 2 курса
Руководитель_________________________________________________________________
(Ф.И.О., ученая степень, ученое звание)
Тема ________________________________________________________________________
________________________________________________________________________________
__________________________________________________________________________
Пожалуйста, охарактеризуйте:
Соответствие работы выбранной теме
Самостоятельность работы
Достигнутые результаты, практическое значение, недостатки работы
Личные качества исполнителя работы
Рекомендации о допуске выпускной работы к защите
Рекомендуемая оценка:
оценка по 10-балльной шкале (оценка по 5-балльной шкале)
________________________________ Подпись ____________________
(Ф.И.О. научного руководителя)
Дата:__________________
Приложение 8
Пример отзыва руководителя ВКР
ОТЗЫВ НАУЧНОГО"
91,8,Методические рекомендации по ВКР,vkr_guidelines.pdf,https://www.hse.ru/mirror/pubs/share/1011417046.pdf,methodical,vkr,50,"нка по 5-балльной шкале)
________________________________ Подпись ____________________
(Ф.И.О. научного руководителя)
Дата:__________________
Приложение 8
Пример отзыва руководителя ВКР
ОТЗЫВ НАУЧНОГО РУКОВОДИТЕЛЯ
о выпускной квалификационной работе – магистерской диссертации
Студента _______________________________________ Курса ______________
Руководитель__________________________________________________________________
(Ф.И.О., ученая степень и (или) ученое звание)
Тема _________________________________________________________________________
________________________________________________________________________________
________________________________________________________________________
Целью выпускной квалификационной работы Фамилия И.О. является исследование
гало-орбит вокруг коллинеарных точек либрации и их моделирование. Для этого
использована аналитическая аппроксимация третьего порядка, разработанная
Д.Л. Ричардсоном. Она основана на методе Линдштедта-Пуанкаре. Требовалось также
изучить влияние уточнения, предложенного Р. Турманом и П.А. Ворфольком, для формул
Ричардсона. Работа была инициирована сектором «Механика и управление движением
космических аппаратов»"
92,8,Методические рекомендации по ВКР,vkr_guidelines.pdf,https://www.hse.ru/mirror/pubs/share/1011417046.pdf,methodical,vkr,51,"ебовалось также
изучить влияние уточнения, предложенного Р. Турманом и П.А. Ворфольком, для формул
Ричардсона. Работа была инициирована сектором «Механика и управление движением
космических аппаратов» Института прикладной математики им. М.В. Келдыша РАН.
При изложении вспомогательного материала (задача трёх тел, отыскание точек
либрации) Фамилия И.О. использовал среду для символьных вычислений Maple для
проверки формул.
Фамилия И.О. разработал программы на языках MATLAB и С и для расчёта и
моделирования гало-орбит. Он провёл моделирование гало -орбит методом Рунге -Кутта для
интегрирования дифференциальных уравнений. Запрограммированы весьма громоздкие
формулы для вычисления аналитических аппроксимаций гало -орбит. Результаты
моделирования показали, что коррекция Р. Турмана и П.А. Ворфолька оказывает
незначительное влияние на решение Д.Л. Ричардсона.
Результаты работы могут оказаться полезными для планирования отечественных
миссий к точке либрации L2 системы Солнце – Земля/Луна.
В процессе написания выпускной квалификационной работы Фамилия И.О. проявил
высокую организованность, все поручения выполнял вовремя. Показал высокую
трудоспособность и инициативность при решении"
93,8,Методические рекомендации по ВКР,vkr_guidelines.pdf,https://www.hse.ru/mirror/pubs/share/1011417046.pdf,methodical,vkr,52,"уна.
В процессе написания выпускной квалификационной работы Фамилия И.О. проявил
высокую организованность, все поручения выполнял вовремя. Показал высокую
трудоспособность и инициативность при решении поставленных задач.
Магистерская диссертация заслуживает отличной оценки (9 баллов ) и мож ет быть
рекомендована к защите, а Фамилия И.О. – присвоения степени магистра по направлению
11.04.04 «Электроника и наноэлектроника».
Рекомендуемая оценка: 7 (хорошо)
оценка по 10-балльной шкале (оценка по 5-балльной шкале)
________________________________ Подпись ____________________
(Ф.И.О. научного руководителя)
Дата:__________________
Приложение 9
Шаблон рецензии на ВКР
РЕЦЕНЗИЯ
на выпускную квалификационную работу - магистерскую диссертацию
Студента _______________________________________ 2 курса
Образовательной программы «Прикладная электроника и фотоника » Московского института
электроники и математики им. А.Н. Тихонова Национального исследовательского
Рецензент___________________________________________________________________
(Ф.И.О., ученая степень и (или) ученое звание, должность)
Тема ВКР"
94,8,Методические рекомендации по ВКР,vkr_guidelines.pdf,https://www.hse.ru/mirror/pubs/share/1011417046.pdf,methodical,vkr,53,"атики им. А.Н. Тихонова Национального исследовательского
Рецензент___________________________________________________________________
(Ф.И.О., ученая степень и (или) ученое звание, должность)
Тема ВКР _____________________________________________________________________
________________________________________________________________________________
________________________________________________________________________
Пожалуйста, охарактеризуйте:
Соответствие работы выбранной теме
Самостоятельность работы
Достигнутые результаты, практическое значение, недостатки работы
Рекомендации о допуске выпускной работы к защите и оценку по 10 и 5-балльной шкале
Рекомендуемая оценка:
оценка по 10-балльной шкале (оценка по 5-балльной шкале)
Рецензент
ученая степень, звание,
кафедра/департамент
(место работы) _____________/ Фамилия И.О.
«__» __________ 20__ г.
С рецензией ознакомлен(а): __________ _______________________ ____.____.20___г.
подпись фамилия, инициалы студента дата
Приложение 10
Пример отзыва рецензента ВКР
РЕЦЕНЗИЯ
на выпускную квалификационную работу - магистерскую диссертацию
Студента _______________________________________ 2 курса
Образовательной программы «Прикладная"
95,8,Методические рекомендации по ВКР,vkr_guidelines.pdf,https://www.hse.ru/mirror/pubs/share/1011417046.pdf,methodical,vkr,54,"10
Пример отзыва рецензента ВКР
РЕЦЕНЗИЯ
на выпускную квалификационную работу - магистерскую диссертацию
Студента _______________________________________ 2 курса
Образовательной программы «Прикладная электроника и фотоника » Московского института
электроники и математики им. А.Н. Тихонова Национального исследовательского
Рецензент___________________________________________________________________
(Ф.И.О., ученая степень и (или) ученое звание, должность)
Тема _______________________________________________________________________
________________________________________________________________________________
________________________________________________________________________
В выпускной квалификационной работе исследуются гало -орбиты вокруг
коллинеарных точек либрации и их аналитическая аппроксимация Д.Л. Ричардсона,
основанной на методе Линдштедта -Пуанкаре. Целью работы являлся анализ процесса
аппроксимации гало -орбиты и моделиров ание результатов аппроксимации для точки
Лагранжа L2. Изучено влияние уточнения, предложенного Р. Турманом и П.А. Ворфольком,
для формул Ричардсона.
Студентом разработаны программы на языках С и MATLAB для расчёта и
моделирования гало -орбит."
96,8,Методические рекомендации по ВКР,vkr_guidelines.pdf,https://www.hse.ru/mirror/pubs/share/1011417046.pdf,methodical,vkr,55,"Лагранжа L2. Изучено влияние уточнения, предложенного Р. Турманом и П.А. Ворфольком,
для формул Ричардсона.
Студентом разработаны программы на языках С и MATLAB для расчёта и
моделирования гало -орбит. Проведено мод елирование гало -орбит и их аналитических
аппроксимаций вплоть до третьего порядка. Результаты моделирования показали, что
коррекция Р. Турмана и П.А. Ворфолька оказывает незначительное влияние на решение Д.Л.
Ричардсона.
К работе имеется замечание. Следова ло сравнить методику Ричардсона с подходом,
предложенным в книге К. Маршала «Задача трёх тел». Этим автором использована
несколько более общая аппроксимация, чем в статье Д.Л. Ричардсона.
Магистерская диссертация заслуживает оценки 8 баллов (Отлично) и может быть
рекомендована к защите , а Фамилия И.О. – присвоения степени магистра по направлению
11.04.04 «Электроника и наноэлектроника».
Рекомендуемая оценка: 8 (отлично)
оценка по 10-балльной шкале (оценка по 5-балльной шкале)
Научный сотрудник Института прикладной математики
им. М.В. Келдыша РАН
_________________________
Дата: ___________________"
97,9,ВКР (общая информация),vkr_info.txt,https://www.hse.ru/studyspravka/vkr,web,vkr,1,"Выпускная квалификационная работа (ВКР)
ВКР является итоговой работой студента и обязательна для завершения обучения.
Этапы выполнения ВКР:
- выбор темы;
- назначение научного руководителя;
- подготовка работы;
- предзащита;
- защита.
Предзащита ВКР:
- проводится до основной защиты;
- включает доклад студента;
- может включать вопросы комиссии;
- направлена на оценку готовности работы.
Для предзащиты необходимо:
- подготовить текст ВКР;
- подготовить презентацию;
- согласовать работу с научным руководителем.
Защита ВКР:
- проводится перед государственной комиссией;
- включает доклад и ответы на вопросы;
- оценивается качество работы и выступления."
98,10,Практика (Инженерия данных),practice_data_engineering.txt,https://www.hse.ru/ma/data-engineering/internship,web,practice,1,"Практическая подготовка (Инженерия данных)
Практическая подготовка студентов является обязательной частью образовательной программы.
Она направлена на:
- закрепление теоретических знаний;
- получение практических навыков;
- подготовку к профессиональной деятельности.
Практика проводится в организациях-партнерах или на базе университета.
Студент обязан:
- выбрать место прохождения практики;
- согласовать его с руководителем;
- выполнить программу практики;
- предоставить отчетные документы.
Документы по практике определяются образовательной программой и могут включать:
- договор;
- задание;
- отчет;
- отзыв руководителя.
Практика является частью учебного плана и обязательна для завершения обучения."
