chunk_id,document_id,document_title,filename,source_url,doc_type,topic,chunk_order,chunk_text,page_value
1,1,Выпускная квалификационная работа (ВКР) — Справочник учебного процесса НИУ ВШЭ — Национальный исследовательский университет «Высшая школа экономики»,studyspravka_vkr_a84c2bafde.txt,https://www.hse.ru/studyspravka/vkr,web,vkr,1,"руководителя и оценивается до защиты ВКР на
обязательной промежуточной аттестации
. Это отдельная оценка, которая выставляется до защиты ВКР и вносится в приложение к диплому. Содержание промежуточной аттестации и требования к представляемому тексту ВКР устанавливаются программой практики образовательной программы.
В зависимости от образовательной программы промежуточная аттестация может проводиться:
— либо по итоговой версии текста ВКР;
— либо по промежуточной версии текста ВКР, которую студент дорабатывает до дедлайна по предоставлению итоговой версии до защиты ВКР.
Информация о том, какую версию ВКР необходимо предоставить и к какому дедлайну, доступна в
программе практики
на сайте вашей образовательной программы в разделе «Студентам» → «Практическая подготовка».
Перенос комиссии для второй пересдачи
по и повторное изучение элемента «Подготовка ВКР»
не предусмотрены
— все пересдачи организуются до конца выпускного учебного года и до начала ГИА.
Как выбрать тему и научного руководителя ВКР?
Студент выбирает тему ВКР в цифровой системе НИУ ВШЭ и в соответствии с программой практики образовательной программы, соблюдая в указанные в ней сроки. Программа практики разрабатывается",keep
2,1,Выпускная квалификационная работа (ВКР) — Справочник учебного процесса НИУ ВШЭ — Национальный исследовательский университет «Высшая школа экономики»,studyspravka_vkr_a84c2bafde.txt,https://www.hse.ru/studyspravka/vkr,web,vkr,2,"одителя ВКР?
Студент выбирает тему ВКР в цифровой системе НИУ ВШЭ и в соответствии с программой практики образовательной программы, соблюдая в указанные в ней сроки. Программа практики разрабатывается для каждого набора студентов отдельно и публикуется на сайте образовательной программы в разделе «Студентам» → «Практическая подготовка».
Студентам в цифровой системе может быть доступен
список тем, инициированных работниками НИУ ВШЭ
, на которые можно подавать заявки. Для принятия решения о выборе или уточнении темы студент должен связаться и проконсультироваться с потенциальным научным руководителем, чтобы изменить тему (при необходимости) и получить согласие на руководство. Подтверждение руководства может быть получено через одобрение руководителем заявки на тему в цифровой системе или в простой письменной форме по электронной почте передается в учебный офис ОП. После подачи будет отображаться статус заявки: сначала она попадет на согласование к выбранному руководителю, а потом — к академическому руководителю программы.
Студент имеет право предложить свою
инициативную тему
ВКР в цифровой системе, придерживаясь срока выбора темы, установленного программой практики образовательной",keep
3,1,Выпускная квалификационная работа (ВКР) — Справочник учебного процесса НИУ ВШЭ — Национальный исследовательский университет «Высшая школа экономики»,studyspravka_vkr_a84c2bafde.txt,https://www.hse.ru/studyspravka/vkr,web,vkr,3,"академическому руководителю программы.
Студент имеет право предложить свою
инициативную тему
ВКР в цифровой системе, придерживаясь срока выбора темы, установленного программой практики образовательной программы. В заявке студент указывает наименование темы и предполагаемого руководителя, с которым заранее устно ее согласовал. Заявка-предложение проходит согласование Дирекции основных образовательных программ (
ДООП
) и предполагаемого руководителя. Рассмотрев предложенную студентом тему ВКР, руководитель имеет право ее принять или отклонить, аргументировав свое решение, или, совместно со студентом, переформулировать.
Академический руководитель с возможным привлечением академического совета принимает решение по поводу соответствия заявленных тем направлению подготовки студентов и либо утверждает их, либо отклоняет, аргументировав свое решение, либо, при согласии студентов, предлагает им переформулировать темы. В случае положительного решения и при необходимости может быть дана рекомендация о руководителе ВКР, консультанте.
Что делать, если заявка на тему ВКР была направлена, но далее Вы/руководитель передумали?
Вы можете отозвать заявку, либо попросить несостоявшегося руководителя",keep
4,1,Выпускная квалификационная работа (ВКР) — Справочник учебного процесса НИУ ВШЭ — Национальный исследовательский университет «Высшая школа экономики»,studyspravka_vkr_a84c2bafde.txt,https://www.hse.ru/studyspravka/vkr,web,vkr,4,"дация о руководителе ВКР, консультанте.
Что делать, если заявка на тему ВКР была направлена, но далее Вы/руководитель передумали?
Вы можете отозвать заявку, либо попросить несостоявшегося руководителя ее отклонить.
Насколько важно соблюдать сроки выбора темы ВКР?
Студент обязан подать заявление о выборе темы ВКР в установленные программой практики образовательной программы сроки.
В 2025/2026 учебном году установлены следующие сроки
Этап подготовки
Ответственный
за этап подготовки курсовой работы/ ВКР
Сроки исполнения
Первая волна выбора предложенных тем курсовых работ и ВКР студентами / Инициативное предложение тем студентами
студенты / академический руководитель ОП
С 31 октября до 18 ноября
текущего учебного года
Отбор поступивших заявок на предложенные темы ВКР первой волны
преподаватели и научные работники при помощи административных сотрудников департаментов и научных подразделений, проектных менеджеров факультета
Вторая волна выбора тем ВКР, либо инициативное предложение тем студентами, все поданные заявки которых оказались отклонены
студент/ академический руководитель ОП/ преподаватели и научные работники при помощи административных сотрудников департаментов и научных",keep
5,1,Выпускная квалификационная работа (ВКР) — Справочник учебного процесса НИУ ВШЭ — Национальный исследовательский университет «Высшая школа экономики»,studyspravka_vkr_a84c2bafde.txt,https://www.hse.ru/studyspravka/vkr,web,vkr,5,"ем студентами, все поданные заявки которых оказались отклонены
студент/ академический руководитель ОП/ преподаватели и научные работники при помощи административных сотрудников департаментов и научных подразделений, проектных менеджеров факультета
С 19 ноября до 28 ноября
Отбор поступивших заявок на предложенные темы ВКР второй волны
С 19 ноября до 2 декабря
Согласование заявок студентов академическими руководителями
академические руководители ОП
С 31 октября до 5 декабря
Проверка наличия утвержденных руководителями тем ВКР у студентов
учебный офис ОП
С 8 декабря до 12 декабря
Утверждение тем и руководителей ВКР студентов
Не позднее 12 декабря
Закрепление темы за студентом и назначение руководителя производится приказом декана факультета, который издается не позднее 15 декабря текущего учебного года.
Студентам,
не выбравшим
в установленные сроки тему и руководителя ВКР, они
назначаются автоматически
в течение 10 (десяти) рабочих дней по окончании установленных сроков в соответствии с Положением об организации промежуточной аттестации и текущего контроля успеваемости студентов НИУ ВШЭ (
ПОПАТКУС
* В отдельных случаях ОП может устанавливать свои периоды предложения и выбора тем",keep
6,1,Выпускная квалификационная работа (ВКР) — Справочник учебного процесса НИУ ВШЭ — Национальный исследовательский университет «Высшая школа экономики»,studyspravka_vkr_a84c2bafde.txt,https://www.hse.ru/studyspravka/vkr,web,vkr,6,"ии с Положением об организации промежуточной аттестации и текущего контроля успеваемости студентов НИУ ВШЭ (
ПОПАТКУС
* В отдельных случаях ОП может устанавливать свои периоды предложения и выбора тем ВКР. С более подробной информацией можно ознакомиться в программе практики на сайте ОП или уточнить в учебном офисе
Может ли студент изменить тему ВКР?
Да, может. Изменение темы ВКР возможно не позднее, чем за
один календарный месяц
до установленного в приказе срока представления итогового варианта ВКР и по процедурам, установленным ОП. Изменение темы ВКР производится приказом декана факультета.
Допустимо ли использование текста собственной курсовой работы при написании ВКР?
Написание ВКР может основываться на обобщении выполненных выпускником курсовых работ. Такая возможность может упоминаться в программе практики или методических рекомендациях по подготовке ВКР образовательной программы. Сделать окончательный вывод о возможности использования текста своей курсовой работы при написании ВКР должен помочь руководитель, так как именно он определяет корректность заимствований и наличие самоплагиата — отчет системы «Антиплагиат» — это только инструмент в помощь человеку.
Помимо этого,",keep
7,1,Выпускная квалификационная работа (ВКР) — Справочник учебного процесса НИУ ВШЭ — Национальный исследовательский университет «Высшая школа экономики»,studyspravka_vkr_a84c2bafde.txt,https://www.hse.ru/studyspravka/vkr,web,vkr,7,"ии ВКР должен помочь руководитель, так как именно он определяет корректность заимствований и наличие самоплагиата — отчет системы «Антиплагиат» — это только инструмент в помощь человеку.
Помимо этого, чтобы избежать самоплагиата и дублирования опубликованной ранее информации, нужно привести корректно оформленные ссылки на собственные работы (в том числе курсовые), перечислив их в списке использованных источников.
Может ли студент писать ВКР у руководителя, работающего в другом департаменте/подразделении? Может ли студент писать ВКР у руководителя, не работающего в НИУ ВШЭ?
Нет запретов на выбор руководителя ВКР, представляющего подразделение, не реализующее ту образовательную программу, на которой учится студент.
Работники сторонних организаций, не являющимися сотрудниками НИУ ВШЭ, могут быть только соруководителями ВКР студента при назначенном руководителе от НИУ ВШЭ.
Может ли студент заменить руководителя ВКР?
Может. С этой целью нужно написать личное заявление на имя декана с кратким обоснованием своей просьбы. Заявление должно быть подано в учебный офис не позднее,
чем за два месяца
до начала государственной итоговой аттестации.
Решение о замене руководителя принимает декан",keep
8,1,Выпускная квалификационная работа (ВКР) — Справочник учебного процесса НИУ ВШЭ — Национальный исследовательский университет «Высшая школа экономики»,studyspravka_vkr_a84c2bafde.txt,https://www.hse.ru/studyspravka/vkr,web,vkr,8,"атким обоснованием своей просьбы. Заявление должно быть подано в учебный офис не позднее,
чем за два месяца
до начала государственной итоговой аттестации.
Решение о замене руководителя принимает декан факультета через издание соответствующего приказа. Декан факультета имеет право отклонить просьбу студента о замене руководителя, аргументировав свое решение.
Какова роль научного консультанта? Кто может быть научным консультантом?
– это специалист в той области знаний, к которой относится тема ВКР, часто обладающий особенными или уникальными знаниями, опытом и компетенциями в данной теме. Он имеет совещательный голос при разработке ВКР, в его обязанности входит консультационная помощь студенту в выборе методики исследования/реализации проекта, в подборе литературы и фактического материала, а также по содержанию ВКР.
Чаще всего консультант может быть назначен, если тема ВКР находится на стыке наук или касается очень узкой научной области, и выполнение качественного исследования/проекта невозможно без получения дополнительных специальных консультаций. Решение о необходимости назначения консультанта(ов) принимает академический руководитель ОП по представлению руководителя ВКР.
В чем",keep
9,1,Выпускная квалификационная работа (ВКР) — Справочник учебного процесса НИУ ВШЭ — Национальный исследовательский университет «Высшая школа экономики»,studyspravka_vkr_a84c2bafde.txt,https://www.hse.ru/studyspravka/vkr,web,vkr,9,"а невозможно без получения дополнительных специальных консультаций. Решение о необходимости назначения консультанта(ов) принимает академический руководитель ОП по представлению руководителя ВКР.
В чем роль рецензента магистерской ВКР? Какая информация должна быть отражена в рецензии?
ВКР магистров в НИУ ВШЭ является
обязательным
Примерная форма отзыва рецензента, а также подробная информация о процедуре, содержится в Приложении 8 к Положению о практической подготовке —
Порядке оформления курсовых и выпускных квалификационных работ НИУ ВШЭ
Приказ о назначении рецензента подписывается деканом факультета по представлению академического руководителя ОП не позднее, чем за месяц до запланированной даты защиты ВКР. В приказе указываются ФИО студента, тема ВКР, сведения о рецензенте (ФИО, ученая степень, ученое звание, место работы, занимаемая должность).
Студент обязан ознакомиться с рецензией и подготовить ответы по существу сделанных рецензентом замечаний.
Когда дедлайн загрузки ВКР?
Срок загрузки итогового и/или промежуточного варианта ВКР (уточняйте, какой действует у вас на ОП) утверждается в программе практики вашей образовательной программы, но не позднее
7 рабочих дней
до даты",keep
10,1,Выпускная квалификационная работа (ВКР) — Справочник учебного процесса НИУ ВШЭ — Национальный исследовательский университет «Высшая школа экономики»,studyspravka_vkr_a84c2bafde.txt,https://www.hse.ru/studyspravka/vkr,web,vkr,10,"ок загрузки итогового и/или промежуточного варианта ВКР (уточняйте, какой действует у вас на ОП) утверждается в программе практики вашей образовательной программы, но не позднее
7 рабочих дней
до даты защиты ВКР.
Важно:
Если вы не загрузили ВКР без уважительных причин, в зависимости от варианта предоставления текста, указанного в программе практики ОП, выставляется оценка «0» либо по элементу учебного плана «Подготовка ВКР», либо за защиту ВКР.
Куда необходимо загрузить ВКР?
Текст ВКР (итоговый и/или промежуточный) предоставляется
только в электронном виде
— его необходимо загрузить в установленный вашей образовательной программой срок.
Инструкция по загрузке работ
описывает необходимый алгоритм действий по загрузке работы — обязательно ознакомьтесь с ним заранее, до загрузки своей работы, и подготовьте файлы и текст для заполнения формы. Обратите внимание, что при загрузке обязательно заполнение аннотации к текстам ВКР на русском
и английском языках — после защиты ВКР они будут размещены на
портале НИУ ВШЭ
Если вы использовали искусственный интеллект при подготовке ВКР, вам необходимо не только проставить в
форме
загрузки соответствующую отметку, но и
заполнить анкету
с деталями",keep
11,1,Выпускная квалификационная работа (ВКР) — Справочник учебного процесса НИУ ВШЭ — Национальный исследовательский университет «Высшая школа экономики»,studyspravka_vkr_a84c2bafde.txt,https://www.hse.ru/studyspravka/vkr,web,vkr,11,"ещены на
портале НИУ ВШЭ
Если вы использовали искусственный интеллект при подготовке ВКР, вам необходимо не только проставить в
форме
загрузки соответствующую отметку, но и
заполнить анкету
с деталями использования ИИ
не позднее 24 часов с момента загрузки ВКР
. Если вы использовали генеративные модели, но не заполнили анкету в установленный срок, ВКР не принимается к проверке на плагиат и использование генеративных моделей и
считается не загруженной
В случае выявления несоответствия загруженного студентом файла ВКР представленному им на защиту тексту ВКР, к студенту применяется дисциплинарное взыскание за нарушение академических норм в порядке, установленном
Правилами внутреннего распорядка обучающихся НИУ ВШЭ
Как ВКР будет проверяться на плагиат?
ВКР в обязательном порядке проверяется на
оригинальность
— загрузка ВКР для проверки на заимствования является непременной частью допуска к защите.
Доля оригинальности ВКР должна составлять 80% и более, а также в работе должен отсутствовать плагиат и незадекларированное использование генеративных моделей. Окончательное решение о допустимости более низкого процента оригинальности, правомерности использования заимствований и генеративных",keep
12,1,Выпускная квалификационная работа (ВКР) — Справочник учебного процесса НИУ ВШЭ — Национальный исследовательский университет «Высшая школа экономики»,studyspravka_vkr_a84c2bafde.txt,https://www.hse.ru/studyspravka/vkr,web,vkr,12,"ь плагиат и незадекларированное использование генеративных моделей. Окончательное решение о допустимости более низкого процента оригинальности, правомерности использования заимствований и генеративных моделей принимает руководитель ВКР. При принятии решения руководитель исходит из информации отчета системы Антиплагиат (также вправе использовать другие инструменты), собственного объема знаний по предметной области, информации об актуальных публикациях по теме письменной работы. Ознакомьтесь подробнее с
правилами проверки студенческих работ на плагиат
Использование генеративных моделей без указания на это установленным образом является нарушением академических норм, и за этим следует дисциплинарное взыскание и недопуск к защите ВКР. Если для написания ВКР студент использовал искусственный интеллект (ИИ), то он обязан сообщить об этом и дополнительно указать цели использования ИИ, конкретную используемую технологию, и оценку успешности ее применения. Система проверки работ на недопустимые заимствования использует плагин для распознавания сгенерированных текстов.
содержит описание того, как и где именно студент должен сообщить об использовании ИИ. Больше информации об этом —",keep
13,1,Выпускная квалификационная работа (ВКР) — Справочник учебного процесса НИУ ВШЭ — Национальный исследовательский университет «Высшая школа экономики»,studyspravka_vkr_a84c2bafde.txt,https://www.hse.ru/studyspravka/vkr,web,vkr,13,"едопустимые заимствования использует плагин для распознавания сгенерированных текстов.
содержит описание того, как и где именно студент должен сообщить об использовании ИИ. Больше информации об этом — в
Регламенте организации проверки письменных учебных работ на наличие плагиата, использования генеративных моделей и размещения выпускных квалификационных работ обучающихся
Кто пишет отзыв и/или рецензию на ВКР?
Отзыв руководителя
и рецензия (если рецензирование предусмотрено) размещаются в той же системе, где была произведена загрузка текста работы. Они должны быть доступны в сроки, установленные программой практики вашей образовательной программы, но не позднее чем за 5 календарных дней до защиты ВКР, чтобы у вас была возможность подготовить ответы на замечания. Государственная экзаменационная комиссия также имеет доступ к отзыву и рецензии и может задавать вопросы по пунктам, изложенным в них.
Что может явиться причиной недопуска к защите ВКР?
К защите ВКР допускаются студенты, успешно освоившие основную образовательную программу и представившие ВКР в установленный образовательной программой срок путем загрузки текста работы.
Студенты, нарушившие установленный срок и не",keep
14,1,Выпускная квалификационная работа (ВКР) — Справочник учебного процесса НИУ ВШЭ — Национальный исследовательский университет «Высшая школа экономики»,studyspravka_vkr_a84c2bafde.txt,https://www.hse.ru/studyspravka/vkr,web,vkr,14,"нты, успешно освоившие основную образовательную программу и представившие ВКР в установленный образовательной программой срок путем загрузки текста работы.
Студенты, нарушившие установленный срок и не допущенные к защите ВКР, в том числе по причине нарушений академических норм, выявленных в ходе обязательной
проверки текста на оригинальность, плагиат
и незадекларированное
отчисляются
из НИУ ВШЭ как не выполнившие обязанностей по добросовестному освоению образовательной программы и выполнению учебного плана.
Плохая оценка или отрицательный отзыв руководителя ВКР и (или) рецензентов не является основанием для недопуска к защите ВКР. У студента в этом случае имеется шанс защитить свою работу перед комиссией.
Как проходит защита ВКР?
Нормативный порядок защиты и ее особенности описаны в Положении о государственной итоговой аттестации студентов НИУ ВШЭ — это общие правила, которые могут быть локализированы на уровне вашей образовательной программы — более подробная информация будет указана в программе практики, методических рекомендациях по подготовке ВКР или на сайте образовательной программы студента в разделе «Итоговая аттестация».
Защита может проводиться очно, дистанционно или в",keep
15,1,Выпускная квалификационная работа (ВКР) — Справочник учебного процесса НИУ ВШЭ — Национальный исследовательский университет «Высшая школа экономики»,studyspravka_vkr_a84c2bafde.txt,https://www.hse.ru/studyspravka/vkr,web,vkr,15,"на в программе практики, методических рекомендациях по подготовке ВКР или на сайте образовательной программы студента в разделе «Итоговая аттестация».
Защита может проводиться очно, дистанционно или в смешанном формате. При дистанционном/смешанном формате председатель и члены комиссии участвуют с включенными камерой и микрофоном; отключение камеры во время заседания не допускается, а также применяется видеозапись.
Защита ВКР проводится в соответствии с утвержденным графиком проведения ГИА на заседании экзаменационной комиссии по соответствующему направлению подготовки /специальности. Как правило, защита начинается с доклада студента. Предельная продолжительность доклада: в бакалавриате —
до 15 минут
, в специалитете/магистратуре —
до 20 минут
; точную продолжительность устанавливает ваша образовательная программа. После доклада студента следуют вопросы от членов экзаменационной комиссии. После окончания обсуждения студенту предоставляется заключительное слово. В заключительном слове студент отвечает на замечания руководителя и рецензента (если рецензия предусмотрена).
Как оценивается ВКР?
Итоговую оценку за ВКР формирует государственная экзаменационная комиссия (ГЭК) после",keep
16,1,Выпускная квалификационная работа (ВКР) — Справочник учебного процесса НИУ ВШЭ — Национальный исследовательский университет «Высшая школа экономики»,studyspravka_vkr_a84c2bafde.txt,https://www.hse.ru/studyspravka/vkr,web,vkr,16,"слове студент отвечает на замечания руководителя и рецензента (если рецензия предусмотрена).
Как оценивается ВКР?
Итоговую оценку за ВКР формирует государственная экзаменационная комиссия (ГЭК) после завершения процедуры защиты ВКР студентом. Критерии выставления оценки могут содержаться в программе практики образовательной программы. Формула оценивания не предусмотрена.
Что делать, если на защите комиссия оценила ВКР неудовлетворительно?
Защита ВКР является частью ГИА. Студент, получивший на защите ВКР оценку «неудовлетворительно»,
отчисляется
из НИУ ВШЭ.
При
восстановлении
в НИУ ВШЭ, указанный студент вправе проходить ГИА повторно
не ранее чем через 10 месяцев
; при этом восстановление для повторного прохождения ГИА возможно
в пределах 5 лет
. По желанию студента может быть установлена иная тема ВКР и/или другой руководитель ВКР, но повторные государственные аттестационные испытания для одного студента не могут назначаться более
двух раз
Как быть, если я заболел до защиты ВКР?
Если студент не прошел ГИА из-за неявки по уважительной причине, он вправе пройти ГИА
в течение 6 месяцев
после завершения ГИА без отчисления.
Может ли студент подать апелляцию относительно решения",keep
17,1,Выпускная квалификационная работа (ВКР) — Справочник учебного процесса НИУ ВШЭ — Национальный исследовательский университет «Высшая школа экономики»,studyspravka_vkr_a84c2bafde.txt,https://www.hse.ru/studyspravka/vkr,web,vkr,17,"КР?
Если студент не прошел ГИА из-за неявки по уважительной причине, он вправе пройти ГИА
в течение 6 месяцев
после завершения ГИА без отчисления.
Может ли студент подать апелляцию относительно решения комиссии на защите ВКР?
Студент может апеллировать только к организации проведения процедуры защиты (отсутствие кворума, несоблюдение времени и т.д.). Вопросы, связанные с содержанием замечаний и вопросов комиссии, не рассматриваются. Апелляция отклоняется, если результат по государственному аттестационному испытанию — «отлично» (8 баллов и выше). При рассмотрении апелляции могут использоваться видеозаписи заседаний.
Если апелляция удовлетворена и назначена повторная защита ВКР, ранее представленная ВКР не подлежит изменению или замене.
Может ли студент опубликовать свою ВКР на портале НИУ ВШЭ?
Да, у студентов Вышки есть такая уникальная возможность — разместить свою ВКР на
. Она будет доступна потенциальным работодателям и другим заинтересованным лицам. Для этого необходимо при
загрузке работы
в поле «Соглашение о публикации» выбрать «Разрешить».
При согласии студента на публикацию и получения им на защите оценки за ВКР «7» и выше по 10-балльной шкале, на портале размещается",keep
18,1,Выпускная квалификационная работа (ВКР) — Справочник учебного процесса НИУ ВШЭ — Национальный исследовательский университет «Высшая школа экономики»,studyspravka_vkr_a84c2bafde.txt,https://www.hse.ru/studyspravka/vkr,web,vkr,18,"загрузке работы
в поле «Соглашение о публикации» выбрать «Разрешить».
При согласии студента на публикацию и получения им на защите оценки за ВКР «7» и выше по 10-балльной шкале, на портале размещается полный текст ВКР, в остальных случаях — только аннотации на русском и английском языках.
Подготовка и защита ВКР студентами, обучающимися по программам подготовки бакалавров, магистров и специалистов в НИУ ВШЭ реализуется согласно следующим документам:
(вступил в силу 10.12.2025)
Положение о практической подготовке студентов основных образовательных программ высшего образования – программ бакалавриата, специалитета и магистратуры НИУ ВШЭ
Приложение 8. Порядок оформления курсовых и выпускных квалификационных работ НИУ ВШЭ
Положению о практической подготовке студентов НИУ ВШЭ
Регламент организации проверки письменных учебных работ на наличие плагиата, использования генеративных моделей и размещения выпускных квалификационных работ обучающихся на сайте (портале) НИУ ВШЭ
Декларация этических принципов создания и использования систем искусственного интеллекта в НИУ ВШЭ
Программа практики конкретной образовательной программы (публикуется на сайте образовательной программы в разделе",keep
19,2,Практическая подготовка студентов НИУ ВШЭ — Справочник учебного процесса НИУ ВШЭ — Национальный исследовательский университет «Высшая школа экономики»,studyspravka_practice_fb289ff36a.txt,https://www.hse.ru/studyspravka/practice,web,practice,1,"обратную связь у своего руководителя.
2. Как практическая подготовка реализуется в НИУ ВШЭ?
Какие элементы практической подготовки включены в мою образовательную программу?
Для практической подготовки студентов предназначен специальный
модуль образовательной программы
«Практика». Чтобы узнать об элементах практической подготовки (или ЭПП), предусмотренных Вашей образовательной программой, зайдите на сайт своей ОП и в разделе «Практическая подготовка» найдите Программу практики и сводную таблицу с описанием всех ЭПП, которые необходимо выполнить на протяжении своего обучения. Также перечень ЭПП указан в разделе «Практика» учебного плана (в разделе «Документы образовательной программы» сайта ОП). Как правило, ЭПП — это
ВКР
, проекты и практики.
На некоторых программах практическая подготовка может быть частью дисциплин Профессионального модуля (Major) или Дополнительного модуля (Minor) — в таком случае перечень ЭПП описывается в
программах этих учебных дисциплин
(ПУД). Часто это обычно различные лабораторные работы, практикумы и прочих занятия, предполагающие развитие практических навыков студента непосредственно в ходе изучения дисциплины.
3. Что такое программа",keep
20,2,Практическая подготовка студентов НИУ ВШЭ — Справочник учебного процесса НИУ ВШЭ — Национальный исследовательский университет «Высшая школа экономики»,studyspravka_practice_fb289ff36a.txt,https://www.hse.ru/studyspravka/practice,web,practice,2,"). Часто это обычно различные лабораторные работы, практикумы и прочих занятия, предполагающие развитие практических навыков студента непосредственно в ходе изучения дисциплины.
3. Что такое программа практики?
Программа практики – документ, который включает в себя описание условий реализации всех элементов практической подготовки, предусмотренных на программе. Именно программа практики является главным путеводителем для студента по прохождению всех ЭПП на протяжении всего периода обучения на программе. Программа практики расположена в разделе «Практическая подготовка» на сайте каждой ОП.
4. Написание курсовой работы и подготовка ВКР – тоже практическая подготовка?
Да, подготовка курсовых и выпускных квалификационных работ включена в модуль «Практика». При этом
могут быть исследовательскими или проектными. Как правило, студент сам может выбрать, КР или ВКР какого вида он будет выполнять. Но есть образовательные программы, которые предусматривают, например, обязательное выполнение исследовательской КР или, наоборот, проектной. Более подробно о специфике данных работ — в программе практики и методических рекомендациях по подготовке ВКР (раздел «Практическая подготовка» на сайте",keep
21,2,Практическая подготовка студентов НИУ ВШЭ — Справочник учебного процесса НИУ ВШЭ — Национальный исследовательский университет «Высшая школа экономики»,studyspravka_practice_fb289ff36a.txt,https://www.hse.ru/studyspravka/practice,web,practice,3,"исследовательской КР или, наоборот, проектной. Более подробно о специфике данных работ — в программе практики и методических рекомендациях по подготовке ВКР (раздел «Практическая подготовка» на сайте каждой ОП).
5. Какие документы по практической подготовке я должен оформить?
Точнее на этот вопрос ответит программа практики каждой конкретной ОП. Однако любой элемент практической подготовки включает в себя следующие документы:
Заявка-предложение – составляется руководителем ЭПП с описанием конкретных целей, задач и условий реализации определенного ЭПП. Можно сказать, что в заявке-предложении уточняется информация, в более общих чертах изложенная в программе практики, но уже с конкретизацией всех деталей.
Задание студенту – еще более «узкий» документ. В нём фиксируются задачи и специфика работы по ЭПП для конкретного студента. Важный момент – студент в обязательном порядке должен ознакомиться с заданием и подписать его. После этого считается, что он взял на себя обязательства по работе над поставленными задачами, неисполнение которых без уважительных причин приводит к образованию академической задолженности.
Отчет – документ, обобщающий полученный результат студента. По любому",keep
22,2,Практическая подготовка студентов НИУ ВШЭ — Справочник учебного процесса НИУ ВШЭ — Национальный исследовательский университет «Высшая школа экономики»,studyspravka_practice_fb289ff36a.txt,https://www.hse.ru/studyspravka/practice,web,practice,4,"работе над поставленными задачами, неисполнение которых без уважительных причин приводит к образованию академической задолженности.
Отчет – документ, обобщающий полученный результат студента. По любому проекту или профессиональной практике это будет документ, в котором студент опишет выполненные задачи и полученные в процессе работы умения и навыки (компетенции). В случае с курсовыми работами и ВКР отчетом будет служить итоговый текст.
Ведомость или оценочный лист – документ, в который руководитель ЭПП вносит оценки. Только после проставления оценок за ЭПП в эл. систему работа считается завершенной, а ЭПП – зачтенным студенту.
Также в случае с некоторыми ЭПП обязательным документом может стать отчет на процент плагиата (в системе «Антиплагиат») и отзыв руководителя, а в случае с ВКР – также отзыв руководителя и рецензента (у бакалавров необходимость рецензирования ВКР определяет академическое руководство ОП).
6. Когда нужен договор о практической подготовке?
Договор о практической подготовке в обязательном порядке заключается между НИУ ВШЭ и организацией, в которую Университет направляет студента на выполнение любого ЭПП. Даже в случае, когда студент сам нашел организацию, в",keep
23,2,Практическая подготовка студентов НИУ ВШЭ — Справочник учебного процесса НИУ ВШЭ — Национальный исследовательский университет «Высшая школа экономики»,studyspravka_practice_fb289ff36a.txt,https://www.hse.ru/studyspravka/practice,web,practice,5,"ой подготовке в обязательном порядке заключается между НИУ ВШЭ и организацией, в которую Университет направляет студента на выполнение любого ЭПП. Даже в случае, когда студент сам нашел организацию, в которой хочет пройти, например, производственную практику, заключение договора обязательно. Данное требование также закреплено в федеральном законодательстве.
Со многими организациями у НИУ ВШЭ уже заключен договор, либо же заключением занимаются ответственные сотрудники факультетов. Но если студент нашел место практической подготовки самостоятельно, нередко ему приходится взять на себя роль посредника между Университетом и организацией по заключению договорных отношений. Форму договора в таком случае студенту должен предоставить учебный офис его ОП и проконсультировать по всем нюансам.
Иногда организации неохотно идут на заключение договора. В таком случае существует более простая альтернатива, а именно – обмен между НИУ ВШЭ и организацией письмами офертой и акцептом. Формы таких писем студент также может раздобыть в своем учебном офисе, либо в специализированном центре (далее - Факультетский центр ЭПП), если такой имеется на вашем факультете, осуществляющим работу со всеми или",keep
24,2,Практическая подготовка студентов НИУ ВШЭ — Справочник учебного процесса НИУ ВШЭ — Национальный исследовательский университет «Высшая школа экономики»,studyspravka_practice_fb289ff36a.txt,https://www.hse.ru/studyspravka/practice,web,practice,6,"исем студент также может раздобыть в своем учебном офисе, либо в специализированном центре (далее - Факультетский центр ЭПП), если такой имеется на вашем факультете, осуществляющим работу со всеми или отдельными видами ЭПП.
Самое главное – не забудьте после подписания документов всеми сторонами принести в учебный офис/Факультетский центр ЭПП экземпляр договора или письмо-акцепт организации.
7. Как оцениваются элементы практической подготовки? Есть ли разница с оценкой за дисциплины?
Оценивание результатов ЭПП производится руководителем ЭПП одновременно по двум шкалам:
в виде оценки по 10-балльной шкале, отражающей
качество
выполненной работы по ЭПП (при получении 1-2 кредитов за ЭПП допустимо оценивание по шкале зачет / не зачет).
в виде количества кредитов (применимо для любого ЭПП, кроме подготовки ВКР), отражающих
объем
выполненной работы по ЭПП.
Что это значит?
Например, студент подписал задание на выполнение ЭПП, за которое максимум мог получить 5 кредитов. В результате он проделал весь отведенный ему объем работы, но качество данной работы оказалось низким. Тогда руководитель ЭПП зачитывает ему все 5 кредитов, но за качество снижает оценку.
Бывает и наоборот, студент",keep
25,2,Практическая подготовка студентов НИУ ВШЭ — Справочник учебного процесса НИУ ВШЭ — Национальный исследовательский университет «Высшая школа экономики»,studyspravka_practice_fb289ff36a.txt,https://www.hse.ru/studyspravka/practice,web,practice,7,"н проделал весь отведенный ему объем работы, но качество данной работы оказалось низким. Тогда руководитель ЭПП зачитывает ему все 5 кредитов, но за качество снижает оценку.
Бывает и наоборот, студент подписал задание, но в итоге сделал гораздо меньше запланированного, зато на очень высоком уровне. Тогда вместо 5 кредитов руководитель ЭПП выставляет ему, допустим, 2 кредита, зато ставит высокий балл за качество.
Такая система применима к любым ЭПП, кроме подготовки ВКР, где количество кредитов строго закреплено учебным планом. Снижение кредитов за недостаточный объем работы обычно практикуется при выполнении проектов.
8. Как посчитать объем работы, который выполнил студент по ЭПП?
Очень просто! Чтобы рассчитать, какой объем работы выполнил студент, необходимо умножить количество недель, которые он отработал в ЭПП, на среднее количество часов в неделю и поделить на 25.
25 – это астрономические часы, равные 1 кредиту (или 38 академическим часам).
Например:
Вы отправились на производственную практику, которая длилась 4 недели, и работали по 40 часов в неделю. В таком случае:
4*40 / 25 = 6 кредитов Вы должны получить по итогам практики.
Или Вы выполняли прикладной проект в течении",keep
26,2,Практическая подготовка студентов НИУ ВШЭ — Справочник учебного процесса НИУ ВШЭ — Национальный исследовательский университет «Высшая школа экономики»,studyspravka_practice_fb289ff36a.txt,https://www.hse.ru/studyspravka/practice,web,practice,8,"ственную практику, которая длилась 4 недели, и работали по 40 часов в неделю. В таком случае:
4*40 / 25 = 6 кредитов Вы должны получить по итогам практики.
Или Вы выполняли прикладной проект в течении почти всего учебного года (предположим, 35 недель), затрачивая около 3 часов в неделю.
Тогда за проект Вы должны получить: 35*3 / 25 = 4 кредита.
9. В каких случаях образуется академическая задолженность по элементам практической подготовки?
Во-первых, это зависит от признака вариативности ЭПП в учебном плане Вашей образовательной программы. Например, если по плану выполнение ЭПП фиксированное, то его необходимо выполнить либо строго до окончания срока, указанного в учебном плане ОП, либо в программе практики.
Если же ЭПП является свободным, то его реализацию необходимо выполнить не позднее начала 3 модуля выпускного курса. Обычно это касается разного рода проектов.
Во-вторых, академическую задолженность за ЭПП студент может получить в трех случаях:
если руководитель ЭПП по итогам работы поставил ему неудовлетворительную оценку;
если студент нарушил условия выполнения работ, указанные в задании на выполнение ЭПП;
в случае со свободными ЭПП – если к 3 модулю выпускного курса студент",keep
27,2,Практическая подготовка студентов НИУ ВШЭ — Справочник учебного процесса НИУ ВШЭ — Национальный исследовательский университет «Высшая школа экономики»,studyspravka_practice_fb289ff36a.txt,https://www.hse.ru/studyspravka/practice,web,practice,9,"ты поставил ему неудовлетворительную оценку;
если студент нарушил условия выполнения работ, указанные в задании на выполнение ЭПП;
в случае со свободными ЭПП – если к 3 модулю выпускного курса студент не выполнил необходимые по плану ЭПП или хотя бы не включил их в план.
Подробнее условия образования академической задолженности описываются в Положении:
1. Если оценка по ЭПП, который был включен студенту в индивидуальный учебный план, равна «не зачтено», или оценка составляет менее 4 баллов по 10-балльной шкале, то у студента образуется академическая задолженность, которая учитывается в рейтинговой системе оценки знаний студентов НИУ ВШЭ, а также при принятии решений по всем вопросам, где учитывается наличие у студента академической задолженности.
2. В случае, если студент заменяется или исключается до завершения ЭПП из-за нарушения условий выполнения работ, отсутствия промежуточных результатов, отказа от выполнения работ по заданию на выполнение ЭПП без объективных причин, работа недобросовестного студента оценивается как неудовлетворительная, кредиты за участие в ЭПП не начисляются; образуется академическая задолженность.
3. Академическая задолженность также возникает, если к",keep
28,2,Практическая подготовка студентов НИУ ВШЭ — Справочник учебного процесса НИУ ВШЭ — Национальный исследовательский университет «Высшая школа экономики»,studyspravka_practice_fb289ff36a.txt,https://www.hse.ru/studyspravka/practice,web,practice,10,"недобросовестного студента оценивается как неудовлетворительная, кредиты за участие в ЭПП не начисляются; образуется академическая задолженность.
3. Академическая задолженность также возникает, если к 3-му модулю (последнему семестру) выпускного курса студент не включил в индивидуальный учебный план и/или не выполнил ЭПП на требуемое по модулю учебного плана число кредитов. При академической задолженности к моменту завершения освоения ОП студент не допускается до государственной итоговой аттестации.
10. Можно ли ликвидировать академическую задолженность по элементу практической подготовки?
Ликвидация академической задолженности происходит путем проведения пересдач, если данный ЭПП допускает пересдачи. Подробнее об организации пересдач можно прочитать в
Положении об организации промежуточной аттестации и текущего контроля успеваемости студентов НИУ ВШЭ (ПОПАТКУС)
В противном случае студенту необходимо выбрать для реализации другой ЭПП аналогичного вида (обычно это касается проектов или курсовых работ). Также порядок проведения пересдач может быть отдельно описан в программе практики ОП или в заявке-предложении на ЭПП.
11. А что, если я хочу выполнить ЭПП, который не входит в мой",keep
29,2,Практическая подготовка студентов НИУ ВШЭ — Справочник учебного процесса НИУ ВШЭ — Национальный исследовательский университет «Высшая школа экономики»,studyspravka_practice_fb289ff36a.txt,https://www.hse.ru/studyspravka/practice,web,practice,11,"или курсовых работ). Также порядок проведения пересдач может быть отдельно описан в программе практики ОП или в заявке-предложении на ЭПП.
11. А что, если я хочу выполнить ЭПП, который не входит в мой учебный план?
Если Вы хотите выполнить ЭПП, не указанный в Вашем учебном плане, например, реализовать сервисный проект или принять участие в проекте вне НИУ ВШЭ, то такой ЭПП может быть зачтен в Ваш ИУП по отдельному заявлению, как факультативный. Если же Вы хотите зачесть мероприятие за ЭПП, предусмотренное по учебному плану Вашей ОП, то необходимо получить согласие Вашего академического руководителя, самостоятельно составив заявку-предложение на такой ЭПП, а также представив отчетные материалы. Но следует помнить, что некоторые ЭПП перезачесть объективно непросто – например, Университет может направлять Вас на практику в другую организацию только на основании договора, поэтому перезачесть профессиональную практику, пройденную в организации, у которой с НИУ ВШЭ не заключено договорных отношений, вуз никак не может. Поэтому следует тщательно ознакомиться с программой практики на своей ОП и заранее согласовать досрочное прохождение ЭПП, написав заявление на имя академического",keep
30,2,Практическая подготовка студентов НИУ ВШЭ — Справочник учебного процесса НИУ ВШЭ — Национальный исследовательский университет «Высшая школа экономики»,studyspravka_practice_fb289ff36a.txt,https://www.hse.ru/studyspravka/practice,web,practice,12,"оворных отношений, вуз никак не может. Поэтому следует тщательно ознакомиться с программой практики на своей ОП и заранее согласовать досрочное прохождение ЭПП, написав заявление на имя академического руководителя.
12. Где мне найти ""свободные"" проекты?
Если в Вашем учебном плане в текущем году появился свободный проект, Вы можете воспользоваться общеуниверситетским сервисом «
Ярмарка Элементов практической подготовки
Допускаются любые иные способы организации проектов, предлагаемые факультетами и образовательными программами. Подробную информацию о наличии альтернативных способов поиска проектов можно уточнить в своем учебном офисе/Факультетский центр ЭПП.
Выбор студентом вариативных проектов осуществляется самостоятельно исходя из научных и профессиональных интересов и возможностей. Используя предложения на «Ярмарке проектов», студент может подать заявку на любые проекты из числа предложенных для образовательной программы, на которой он обучается.
В случае, если студент оформил заявку на участие в проекте из числа НЕ рекомендованных для его образовательной программы, такой проект может быть зачтен только по заявлению студента в качестве факультативного ""сверх"" объема",keep
31,2,Практическая подготовка студентов НИУ ВШЭ — Справочник учебного процесса НИУ ВШЭ — Национальный исследовательский университет «Высшая школа экономики»,studyspravka_practice_fb289ff36a.txt,https://www.hse.ru/studyspravka/practice,web,practice,13,"оформил заявку на участие в проекте из числа НЕ рекомендованных для его образовательной программы, такой проект может быть зачтен только по заявлению студента в качестве факультативного ""сверх"" объема образовательной программы.
Руководитель проекта имеет право отклонить заявку студента, если студент не соответствует требованиям, предусмотренным в заявке-предложении на проект. В случае как утверждения, так и отклонения заявки автоматическое извещение приходит на корпоративную электронную почту студента.
13. Что следует учесть при подаче заявки на проект через Ярмарку Элементов практической подготовки?
Ярмарке Элементов практической подготовки
представлены проекты трех типов с точки зрения целей и результатов:
Исследовательский
– проект, основной целью которого является проведение исследования. В качестве результата предполагается получение статьи, публикации, отчета, аналитического обзора или записки, заявки на научный грант, методического пособия и иного научного продукта;
Прикладной
– проект, основной целью которого является решение прикладной, либо коммерческой задачи. Результатом такого проекта может быть разработанное и обоснованное проектное решение, бизнес-план или",keep
32,2,Практическая подготовка студентов НИУ ВШЭ — Справочник учебного процесса НИУ ВШЭ — Национальный исследовательский университет «Высшая школа экономики»,studyspravka_practice_fb289ff36a.txt,https://www.hse.ru/studyspravka/practice,web,practice,14,"рикладной
– проект, основной целью которого является решение прикладной, либо коммерческой задачи. Результатом такого проекта может быть разработанное и обоснованное проектное решение, бизнес-план или бизнес-кейс, изготовленный по заказу продукт.
Сервисный
– проект, направленный на решение служебных задач или для обеспечения текущей работы Университета. Результатом такого проекта является вклад участника проекта в организацию какого-либо мероприятия (например, конференции, олимпиады, экскурсии, дня открытых дверей, приемной кампании) или в реализацию организационных процессов (например, организацию обратной связи преподавателя и студентов, техническую подготовку каких-либо материалов, организационную помощь в процессе проведения занятий, систематизации баз данных).
Подача студенческих заявок на участие в проекте доступна с момента опубликования проекта на ярмарке и до окончания срока записи на проект.
Совершая свой выбор, студент должен подать электронную заявку на участие в проекте, используя свой логин и пароль от Единого личного кабинета студента. При заполнении заявки студенту необходимо написать мотивационное письмо объемом не более 200 знаков, отвечающее на вопрос «Почему",keep
33,2,Практическая подготовка студентов НИУ ВШЭ — Справочник учебного процесса НИУ ВШЭ — Национальный исследовательский университет «Высшая школа экономики»,studyspravka_practice_fb289ff36a.txt,https://www.hse.ru/studyspravka/practice,web,practice,15,"е, используя свой логин и пароль от Единого личного кабинета студента. При заполнении заявки студенту необходимо написать мотивационное письмо объемом не более 200 знаков, отвечающее на вопрос «Почему вы хотели бы участвовать в этом проекте?», а также прикрепить свое резюме (рекомендуемое, но не обязательное поле).
После окончания срока записи на проект руководитель проекта проводит отбор поданных заявок и связывается со всеми отобранными для участия студентами. В случае если заявка не была одобрена руководителем проекта, студент получает уведомление об отказе на электронную почту.
Студенты, которые по каким-либо причинам не прошли
электронную
регистрацию записи, но были отобраны руководителем для участия в проекте, после подписания задания на выполнение работ по проекту должны передать его в учебный офис/Факультетский центр ЭПП (допускается выслать скан) для назначения им проекта в ИУП.
Если заявка на проект была утверждена, но по каким-либо причинам студент не может принять участие в проекте, он может выйти из проекта без каких-либо санкций в течение первых 10 дней с даты начала проекта. В таком случае студент направляет менджеру учебного офиса/в Факультетский центр ЭПП письмо",keep
34,2,Практическая подготовка студентов НИУ ВШЭ — Справочник учебного процесса НИУ ВШЭ — Национальный исследовательский университет «Высшая школа экономики»,studyspravka_practice_fb289ff36a.txt,https://www.hse.ru/studyspravka/practice,web,practice,16,"е в проекте, он может выйти из проекта без каких-либо санкций в течение первых 10 дней с даты начала проекта. В таком случае студент направляет менджеру учебного офиса/в Факультетский центр ЭПП письмо на корпоративную почту с просьбой снять его с проекта и убрать данный проект из ИУП. Руководитель проекта обязательно ставится в копию данной переписки.
Следует учесть, что если студент уже подписал задание на выполнение работ по проекту и с момента начала проекта прошло более 10 дней, руководитель уже не может отменить его заявку. Для исключения проекта из ИУП в таком случае требуется веская причина и согласие руководителя: например, медицинская справка и письмо руководителя, что он непротив исключения студента из проекта. Оба документа должны быть предоставлены в учебный офис ОП/Факультетский центр ЭПП, только тогда проект может быть исключен студенту из ИУП.
Также следует помнить, что в связи с возможностью студенту самому выбирать период реализации вариативного проекта (но не позднее 3 модуля выпускного курса!), оценка за вариативный проект в текущем рейтинге не учитывается
Инструкция по подаче заявок на проекты для сотрудников
Видео-инструкция по подаче проекта",keep
35,2,Практическая подготовка студентов НИУ ВШЭ — Справочник учебного процесса НИУ ВШЭ — Национальный исследовательский университет «Высшая школа экономики»,studyspravka_practice_fb289ff36a.txt,https://www.hse.ru/studyspravka/practice,web,practice,17,"кта (но не позднее 3 модуля выпускного курса!), оценка за вариативный проект в текущем рейтинге не учитывается
Инструкция по подаче заявок на проекты для сотрудников
Видео-инструкция по подаче проекта сотрудником
Инструкция по подаче заявок на проекты для студентов
Видео-инструкция по подаче проекта и заявки на проект студентом
14. Может ли аспирант записаться на проект или сам подать проект?
На сегодняшний день — нет. В ярмарке на проекты пока могут записываться только бакалавры, специалисты и магистры.
Кабинета аспиранта в системе пока не существует (он в процессе разработки). Поэтому для аспирантов запись на проект ведется только напрямую через руководителя проекта. Подать самостоятельно проект аспирант в систему может только в том случае, если он является трудоустроенным сотрудником НИУ ВШЭ. Если официальной должности в НИУ ВШЭ у аспиранта нет, то подать проект можно только через студента или другого сотрудника НИУ ВШЭ с указанием руководителя, который официально трудоустроен в НИУ ВШЭ.
Практическая подготовка в НИУ ВШЭ регулируется
Положением о практической подготовке студентов основных образовательных программ высшего образования – программ бакалавриата, специалитета и",keep
36,3,"Академический отпуск, отпуск по беременности и родам и уходу за ребенком для обучающихся НИУ ВШЭ — Справочник учебного процесса НИУ ВШЭ — Национальный исследовательский университет «Высшая школа экономики»",studyspravka_academotpusk_4ea782cc13.txt,https://www.hse.ru/studyspravka/academotpusk,web,academic_leave,1,"ГИА
Обучение лиц с инвалидностью и ОВЗ
Академическим руководителям
Учебным, цифровым ассистентам и консультантам
Разработчикам новых образовательных программ НИУ ВШЭ
Академический отпуск, отпуск по беременности и родам и уходу за ребенком для обучающихся НИУ ВШЭ
Навигация страницы
Основания и порядок предоставления
Отпуск по беременности и родам и отпуск по уходу за ребенком
Часто задаваемые вопросы
Процедура завершения отпуска и допуск к занятиям
Полезные ссылки
Выход из академического отпуска
Отчисление
Восстановление
Академический отпуск
предоставляется в связи с невозможностью освоения образовательной программы по медицинским показаниям, в связи с прохождением военной службы, и в иных исключительных случаях.
Продолжительность академического отпуска единовременно не может превышать 12 (двенадцати) календарных месяцев, за исключением академического отпуска в связи с прохождением военной службы или по медицинским показаниям, срок предоставления которого не может превышать 2 (два) года. Студент вправе инициировать заявление о повторном предоставлении академического отпуска.
Обучающиеся также могут обратиться за предоставлением
отпуска по беременности и родам и отпуск по уходу за",keep
37,3,"Академический отпуск, отпуск по беременности и родам и уходу за ребенком для обучающихся НИУ ВШЭ — Справочник учебного процесса НИУ ВШЭ — Национальный исследовательский университет «Высшая школа экономики»",studyspravka_academotpusk_4ea782cc13.txt,https://www.hse.ru/studyspravka/academotpusk,web,academic_leave,2,"ода. Студент вправе инициировать заявление о повторном предоставлении академического отпуска.
Обучающиеся также могут обратиться за предоставлением
отпуска по беременности и родам и отпуск по уходу за ребенком до достижения им возраста трех лет
Основания и порядок предоставления академического отпуска
Основания для предоставления академического отпуска
по медицинским показаниям (подтверждающий документ – заключение врачебной комиссии медицинской организации, входящей в государственную или муниципальную систему здравоохранения
в случае призыва на военную службу (подтверждающий документ – мобилизационное предписание, распоряжение или повестка военного комиссариата, содержащая время и место отправки к месту прохождения военной службы, копия контракта о прохождении военной службы в Вооруженных Силах Российской Федерации, заверенная в установленном порядке);
в иных исключительных случаях, в том числе в связи со стихийными бедствиями, по семейным обстоятельствам
(предоставляются прочие документы, подтверждающие основание предоставления академического отпуска).
* документы, выданные иностранными организациями или полученные из иностранных источников, должны иметь нотариально заверенный",keep
38,3,"Академический отпуск, отпуск по беременности и родам и уходу за ребенком для обучающихся НИУ ВШЭ — Справочник учебного процесса НИУ ВШЭ — Национальный исследовательский университет «Высшая школа экономики»",studyspravka_academotpusk_4ea782cc13.txt,https://www.hse.ru/studyspravka/academotpusk,web,academic_leave,3,"кументы, подтверждающие основание предоставления академического отпуска).
* документы, выданные иностранными организациями или полученные из иностранных источников, должны иметь нотариально заверенный перевод на русский или английский язык.
** студенту не может быть предоставлен академический отпуск в связи с невозможностью совмещения обучения в НИУ ВШЭ с работой или обучением в другой образовательной организации, а также в связи с исключительно финансовыми причинами и (или) невозможностью оплачивать обучение в НИУ ВШЭ.
Внимание!
Право на предусмотренную
Федеральным законом ""О воинской обязанности и военной службе"" от 28.03.1998 N 53-ФЗ
отсрочку от призыва на военную службу сохраняется за студентом, получившим в период обучения академический отпуск, но при условии, если общий срок, на который студенту была предоставлена отсрочка от призыва на военную службу для обучения в образовательном учреждении не увеличивается или увеличивается не более, чем на один год. Таким образом, общий срок академического отпуска (академических отпусков)
не должен превышать 12 месяцев
Порядок подачи заявления на предоставление академического отпуска
Заявление о предоставлении академического",keep
39,3,"Академический отпуск, отпуск по беременности и родам и уходу за ребенком для обучающихся НИУ ВШЭ — Справочник учебного процесса НИУ ВШЭ — Национальный исследовательский университет «Высшая школа экономики»",studyspravka_academotpusk_4ea782cc13.txt,https://www.hse.ru/studyspravka/academotpusk,web,academic_leave,4,"м, общий срок академического отпуска (академических отпусков)
не должен превышать 12 месяцев
Порядок подачи заявления на предоставление академического отпуска
Заявление о предоставлении академического отпуска
подается в электронном виде через
единый сервис заявлений
, доступный через электронный единый личный кабинет (ЕЛК);
К заявлению в электронном виде, в зависимости от основания предоставления академического отпуска, прилагаются копии соответствующих документов;
Центр сервиса «Студент» проводит первичную проверку поданных заявлений и осуществляет их регистрацию для рассмотрения в установленном порядке;
Заявления на предоставление академического отпуска в иных исключительных случаях (не по мед. основаниям, не в связи с прохождением военной службы) передаются на рассмотрение Комиссии в течение 2-х рабочих дней. Решение принимается Комиссией в течение 5-ти рабочих дней;
Предоставление академического отпуска студенту оформляется приказом не позднее 5 рабочих дней со дня принятия решения.
Кто принимает решение о предоставлении академического отпуска
Решение по предоставлению академических отпусков по медицинским показаниям и в связи с военной службой принимается",keep
40,3,"Академический отпуск, отпуск по беременности и родам и уходу за ребенком для обучающихся НИУ ВШЭ — Справочник учебного процесса НИУ ВШЭ — Национальный исследовательский университет «Высшая школа экономики»",studyspravka_academotpusk_4ea782cc13.txt,https://www.hse.ru/studyspravka/academotpusk,web,academic_leave,5,"о дня принятия решения.
Кто принимает решение о предоставлении академического отпуска
Решение по предоставлению академических отпусков по медицинским показаниям и в связи с военной службой принимается проректором.
Решение по предоставлению академических отпусков по иным исключительным обстоятельствам принимает решение общеуниверситетская комиссия.
Основания и порядок предоставления отпуска по беременности и родам и отпуска по уходу за ребенком
Заявление о предоставлении отпуска
подается в электронном виде через единый сервис заявлений, доступный через электронный личный кабинет НИУ ВШЭ.
Для оформления отпуска требуется предоставить следующие документы:
для предоставления
отпуска по беременности и родам
листок нетрудоспособности по беременности и родам
отпуска по уходу за ребенком
– копия свидетельства о рождении (усыновлении) ребенка, решения суда об усыновлении (удочерении) ребенка либо выписка из решения об установлении опеки или иной документ, подтверждающий рождение ребенка и его регистрацию, и справка с места работы (службы, учебы
) другого родителя ребенка о том, что он не использует указанный отпуск (если другой родитель не работает, не служит и не обучается — справка из",keep
41,3,"Академический отпуск, отпуск по беременности и родам и уходу за ребенком для обучающихся НИУ ВШЭ — Справочник учебного процесса НИУ ВШЭ — Национальный исследовательский университет «Высшая школа экономики»",studyspravka_academotpusk_4ea782cc13.txt,https://www.hse.ru/studyspravka/academotpusk,web,academic_leave,6,"го регистрацию, и справка с места работы (службы, учебы
) другого родителя ребенка о том, что он не использует указанный отпуск (если другой родитель не работает, не служит и не обучается — справка из органов социальной защиты населения по месту жительства о неполучении другим родителем ребенка ежемесячного пособия по уходу за ребенком).
Отпуск по беременности и родам
предоставляется студенту на период, указанный в листке нетрудоспособности.
Отпуск по уходу за ребенком
предоставляется обучающемуся с даты подачи заявления на любой срок до достижения ребенком возраста трех лет.
Решение о предоставлении отпуска по беременности и родам и отпуска по уходу за ребенком оформляется путем издания приказа.
* справка с места учебы другого родителя ребенка может не предоставляться, если этот родитель является студентом НИУ ВШЭ.
Помимо возможности оформления отпуска по беременности и родам, у студентов НИУ ВШЭ есть возможность оформить
индивидуальный учебный план
(ИУП) на период, соответствующий суммарному количеству дней отпуска по беременности и родам. Для этого необходимо обратиться в учебный офис вашей ОП.
Порядок действий при выходе из академического отпуска
Подробная информация",keep
42,3,"Академический отпуск, отпуск по беременности и родам и уходу за ребенком для обучающихся НИУ ВШЭ — Справочник учебного процесса НИУ ВШЭ — Национальный исследовательский университет «Высшая школа экономики»",studyspravka_academotpusk_4ea782cc13.txt,https://www.hse.ru/studyspravka/academotpusk,web,academic_leave,7,"ствующий суммарному количеству дней отпуска по беременности и родам. Для этого необходимо обратиться в учебный офис вашей ОП.
Порядок действий при выходе из академического отпуска
Подробная информация размещена на отдельной
странице справочника
Могут ли мне отказать в предоставлении академического отпуска?
Да. Решение по предоставлению академического отпуска по иным исключтельным причинам принимается Комиссией.
Также заявление отклоняется, если студент просит предоставить академический отпуск:
в связи с невозможностью совмещения обучения в НИУ ВШЭ с работой или обучением в другой образовательной организации;
в связи с исключительно финансовыми причинами и (или) невозможностью оплачивать обучение в НИУ ВШЭ.
Включается ли период нахождения в академическом отпуске в срок освоения образовательной программы?
Нет, не включается.
Могу ли я взять академический отпуск с целью обучения в иностранном университете?
Если вы планируете учиться в течение семестра или года в зарубежном университете, то вам нужно использовать другой механизм –
академическую мобильность
. Вам составят индивидуальный учебный план, включающий дисциплины иностранного университета и перезачтут оценки после вашего",keep
43,3,"Академический отпуск, отпуск по беременности и родам и уходу за ребенком для обучающихся НИУ ВШЭ — Справочник учебного процесса НИУ ВШЭ — Национальный исследовательский университет «Высшая школа экономики»",studyspravka_academotpusk_4ea782cc13.txt,https://www.hse.ru/studyspravka/academotpusk,web,academic_leave,8,"тете, то вам нужно использовать другой механизм –
академическую мобильность
. Вам составят индивидуальный учебный план, включающий дисциплины иностранного университета и перезачтут оценки после вашего возвращения. Академический отпуск по такой причине в НИУ ВШЭ не предоставляется.
Сохраняется ли при выходе из отпуска бюджетное место за студентом, обучавшимся на бюджете?
Да, сохраняется.
Подходит ли Справка врачебной комиссии (ВК) для оформления академического отпуска по медицинским показаниям?
Нет. Данный документ не приравнивается к Заключению КЭК.
В соответствии с пунктом 3 Порядка и основании предоставления академического отпуска обучающимся, утвержденных приказом Минобрнауки России от 04.04.2025 № 303, основанием для предоставления академического отпуска по медицинским показаниям является медицинское заключение, выданное медицинской организацией, входящей в государственную или муниципальную систему здравоохранения. Согласно пунктам 6-8 Порядка выдачи медицинскими организациями справок и медицинских заключений, утвержденного приказом Минздрава России от 14.09.2020 № 972н, справки и медицинские заключения представляют собой разные документы, отличаются в части оформления и",keep
44,3,"Академический отпуск, отпуск по беременности и родам и уходу за ребенком для обучающихся НИУ ВШЭ — Справочник учебного процесса НИУ ВШЭ — Национальный исследовательский университет «Высшая школа экономики»",studyspravka_academotpusk_4ea782cc13.txt,https://www.hse.ru/studyspravka/academotpusk,web,academic_leave,9,"ми справок и медицинских заключений, утвержденного приказом Минздрава России от 14.09.2020 № 972н, справки и медицинские заключения представляют собой разные документы, отличаются в части оформления и выдаются с разными целями.
Подходит ли Протокол или Протокол заключения врачебной комиссии (ВК) или Выписка из протокола ВК для оформления академического отпуска по медицинским показаниям?
В соответствии с пунктом 3 Порядка и оснований предоставления академических отпусков обучающимся, утвержденных приказом Минобрнауки России от 04.04.2025 № 303, основанием для предоставления академического отпуска по медицинским показаниям является медицинское заключение медицинской организации. В этом же пункте содержится отсылка к приказу Минздрава России, в соответствии с которым должно быть оформлено такое медицинское заключение. Документы, представляемые не по установленной форме либо не содержащие необходимых реквизитов, не могут быть приняты в качестве основания для предоставления академического отпуска.
Какие документы рекомендуется приложить к заявлению на отпуск для ухода за родственником?
Какие документы рекомендуется предоставить при подаче заявления на академический отпуск для ухода за",keep
45,3,"Академический отпуск, отпуск по беременности и родам и уходу за ребенком для обучающихся НИУ ВШЭ — Справочник учебного процесса НИУ ВШЭ — Национальный исследовательский университет «Высшая школа экономики»",studyspravka_academotpusk_4ea782cc13.txt,https://www.hse.ru/studyspravka/academotpusk,web,academic_leave,10,"отпуска.
Какие документы рекомендуется приложить к заявлению на отпуск для ухода за родственником?
Какие документы рекомендуется предоставить при подаче заявления на академический отпуск для ухода за близким родственником?
Документы, подтверждающие близкое родство.
Актуальные
документы о состоянии здоровья близкого родственника.
Документы, подтверждающие необходимость постороннего ухода за близким родственником.
Документы, подтверждающие невозможность осуществления ухода другими родственниками.
Документы об установлении опекунства.
Документы, выданные
государственными
медицинскими, социальными или иными уполномоченными учреждениями.
Решение по предоставлению академических отпусков по иным исключительным обстоятельствам принимает общеуниверситетская комиссия.
Приказ Министерства образования и науки Российской Федерации «Об утверждении Порядка и оснований предоставления академического отпуска обучающимся» от 04.04.2025 №303
Нашли
опечатку
Цифры и факты
Руководство и структура
Устойчивое развитие в НИУ ВШЭ
Преподаватели и сотрудники
Корпуса и общежития
Закупки
Обращения граждан в НИУ ВШЭ
Сведения о доходах, расходах, об имуществе и обязательствах имущественного",keep
46,6,Академический календарь (График учебного процесса) — Справочник учебного процесса НИУ ВШЭ — Национальный исследовательский университет «Высшая школа экономики»,studyspravka_grafik_9cd50f3e57.txt,https://www.hse.ru/studyspravka/grafik,web,academic_leave,1,"ГИА
Обучение лиц с инвалидностью и ОВЗ
Академическим руководителям
Учебным, цифровым ассистентам и консультантам
Разработчикам новых образовательных программ НИУ ВШЭ
Академический календарь (График учебного процесса)
Учебный год разбит на четыре модуля, каждый из которых длится от 8 до 12 недель. Точные даты начала и окон­чания каждого модуля, сессий и каникул зависят от выходных и нерабочих праздничных дней в текущем году. Некоторые программы имеют иной график, состоящий из трех модулей.
Расписание занятий, сессий, пересдач
График учебного процесса – это документ, определяющий последовательность и чередование обучения, аттестации и времени каникул студентов всех направлений и специальностей всех курсов НИУ ВШЭ в течение учебного года. График учебного процесса создается и утверждается ежегодно отдельным приказом. На графике определены количество учебных модулей в году, количество дней в модулях и каникулярное время. График обязателен для выполнения всеми участниками образовательного процесса.
Приказ ""Об утверждении типового графика учебного процесса на 2025/2026 учебный год""
Приказ ""Об утверждении типового графика учебного процесса на 2026/2027 учебный год""
Для образовательных",keep
47,9,Английский язык в бакалавриате и специалитете — Справочник учебного процесса НИУ ВШЭ — Национальный исследовательский университет «Высшая школа экономики»,studyspravka_engbach_7fafb718af.txt,https://www.hse.ru/studyspravka/engbach,web,documents,1,"ГИА
Обучение лиц с инвалидностью и ОВЗ
Академическим руководителям
Учебным, цифровым ассистентам и консультантам
Разработчикам новых образовательных программ НИУ ВШЭ
Английский язык в бакалавриате и специалитете
Умение свободно читать профессиональную литературу, изъясняться с будущими партнерами, писать и учиться на английском языке — одна из самых необходимых компетенций для студентов НИУ ВШЭ.
Как можно выучить английский язык во время учебы в НИУ ВШЭ?
Дисциплины по английскому языку
не входят в основную часть образовательной программы бакалавриата и предлагаются всем студентам факультативно в рамках модуля ""Язык и коммуникация"".
В соответствии с
Концепцией развития иноязычной коммуникативной компетенции студентов
, перечень дисциплин, из которого студенты могут выбрать дисциплины, зависит от результатов Входного тестирования.
Если студент включает в свой
индивидуальный учебный план (ИУП)
факультатив по английскому языку, то он принимает на себя ответственность по добросовестному освоению учебного плана в полном объеме. Статус «факультатив» никак не облегчает работу студента — все оценки, полученные по английскому языку, учитываются наравне с оценками по другим дисциплинам",keep
48,9,Английский язык в бакалавриате и специалитете — Справочник учебного процесса НИУ ВШЭ — Национальный исследовательский университет «Высшая школа экономики»,studyspravka_engbach_7fafb718af.txt,https://www.hse.ru/studyspravka/engbach,web,documents,2,"ому освоению учебного плана в полном объеме. Статус «факультатив» никак не облегчает работу студента — все оценки, полученные по английскому языку, учитываются наравне с оценками по другим дисциплинам (базовым, вариативным, любым, включенным в ИУП).
Где пригодится английский язык студентам бакалавриата?
На 3-м и 4-м курсах многие дисциплины будут читаться на английском языке. Кроме того, при подготовке
выпускной квалификационной работы (ВКР)
в рамках
государственной итоговой аттестации (ГИА)
студенты должны использовать источники на иностранном языке. На выпускном курсе каждый студент готовит предзащитй выпускной квалификационной работы на английском языке (Project Proposal), а при загрузке работы пишет для своей ВКР аннотацию на английском языке (если основной текст выполняется на русском или отличном от английского иностранном языке). Текст предзащиты
проверяется на заимствования
системой Антиплагиат и оценивается отдельно.
Кстати, студенты во время учебы могут
учиться в зарубежных университетах
(от коротких двухнедельных программ академической мобильности до годичных стажировок), а это требует хороших умений грамотно выражаться на английском языке.
Как и когда Вышка проверяет",keep
49,9,Английский язык в бакалавриате и специалитете — Справочник учебного процесса НИУ ВШЭ — Национальный исследовательский университет «Высшая школа экономики»,studyspravka_engbach_7fafb718af.txt,https://www.hse.ru/studyspravka/engbach,web,documents,3,"х университетах
(от коротких двухнедельных программ академической мобильности до годичных стажировок), а это требует хороших умений грамотно выражаться на английском языке.
Как и когда Вышка проверяет знания студентов по английскому языку?
В сентябре все студенты, зачисленные на 1 курс бакалавриата и специалитета НИУ ВШЭ, должны пройти Входное тестирование по английскому языку (ВТ). Подробнее о Входном тестировании по английскому языку — по
ссылке
В середине первого курса проводится
промежуточное тестирование
с целью определения прогресса студента в первом и втором модулях и является возможной точкой перехода на другой уровень изучения дисциплины того же или иного направления. Такое тестирование проводится для всех студентов первого курса, а результаты не учитываются в рейтинге студента (не влияют на скидки и стипендию).
В конце первого курса студенты сдают
Внутренний экзамен
. Его принимают преподаватели НИУ ВШЭ, которые не учили студентов английскому языку во время учебного года. Экзамен проводится в течение двух дней по единой программе на всех образовательных программах Вышки. Оценка учитывается в летнем
текущем рейтинге
. Больше информации о Внутреннем экзамене по",keep
50,9,Английский язык в бакалавриате и специалитете — Справочник учебного процесса НИУ ВШЭ — Национальный исследовательский университет «Высшая школа экономики»,studyspravka_engbach_7fafb718af.txt,https://www.hse.ru/studyspravka/engbach,web,documents,4,"ого года. Экзамен проводится в течение двух дней по единой программе на всех образовательных программах Вышки. Оценка учитывается в летнем
текущем рейтинге
. Больше информации о Внутреннем экзамене по английскому языку — по
До начала 4 модуля 3 курса все студенты должны сдать
независимый экзамен
. Его проведение максимально приближено к процедуре сдачи международных стандартизированных экзаменов. Оценка, полученная по этому экзамену, учитывается в летнем
третьего курса и включается в приложение к диплому НИУ ВШЭ. Подробнее о Независимом экзамене — по
Возможно ли альтернативное освоение английского языка?
Если студент имеет один из действующих международных сертификатов, подтверждающих знание английского языка, и имеет желание, возможности и время посещать факультатив, то он может предъявить сертификат в учебный офис своей образовательной программы и перезачесть оценку за оценку по факультативу, а также по внутреннему или внешнему экзаменам. Подробнее о перезачете
по ссылке
Студент может вовсе не выбирать бесплатный факультатив по английскому языку и выбрать путь самостоятельного изучения: в платных языковых школах, самостоятельно с помощью онлайн-ресурсов,
на курсах",keep
51,9,Английский язык в бакалавриате и специалитете — Справочник учебного процесса НИУ ВШЭ — Национальный исследовательский университет «Высшая школа экономики»,studyspravka_engbach_7fafb718af.txt,https://www.hse.ru/studyspravka/engbach,web,documents,5,"лке
Студент может вовсе не выбирать бесплатный факультатив по английскому языку и выбрать путь самостоятельного изучения: в платных языковых школах, самостоятельно с помощью онлайн-ресурсов,
на курсах дополнительного профессионального обучения в НИУ ВШЭ
. В этом случае он в обязательном порядке должен будет подтвердить свою готовность учиться в дальнейшем на английском языке, а именно сдать промежуточный и внутренний экзамены на первом курсе и внешний независимый экзамен на втором курсе. Приложение к диплому у такого студента не содержит запись о факультативной дисциплине «Английский язык», но обязательно указывается оценка, полученная на внешнем независимом экзамене.
Для студентов, имеющих уровень Elementary, на странице
Бакалавр+
размещена информация о Программе
Ускоренный курс английского языка для академических целей
. Программа предусматривает интенсивное обучение слушателей, владеющих английским языком на уровне А1-А2, испытывающих сложности в использовании английского языка для целей общения в академической среде, а также в освоении английского языка в рамках основной образовательной программы.
Также на странице
размещена ссылка для оплаты обучения на Программе",keep
52,9,Английский язык в бакалавриате и специалитете — Справочник учебного процесса НИУ ВШЭ — Национальный исследовательский университет «Высшая школа экономики»,studyspravka_engbach_7fafb718af.txt,https://www.hse.ru/studyspravka/engbach,web,documents,6,"ого языка для целей общения в академической среде, а также в освоении английского языка в рамках основной образовательной программы.
Также на странице
размещена ссылка для оплаты обучения на Программе через
Единую платежную страницу НИУ ВШЭ
Работает ли такая система?
Работает и результат хороший.
Ежегодно около одного процента от числа студентов предъявляют к перезачету международные сертификаты и поддерживают уровень языка самостоятельно. Такие студенты до поступления в НИУ ВШЭ «вложились» в изучение английского, приобрели привычку к самоподготовке и имеют возможность высвободить время для чего-то более
интересного и полезного
Средний балл результатов внешнего независимого экзамена на втором курсе — выше 6 баллов (на протяжении минимум пяти лет), что по международным меркам свидетельствует о готовности и способности учиться на английском языке.
Подавляющее большинство студентов посещают факультатив по английскому языку в течение двух лет. И это правильно — почему же не использовать дополнительный безвозмездный для студента ресурс, помогающий поддерживать одну из основных компетенций в хорошей форме.
Куда можно направить замечания и предложения по преподаванию английского",keep
53,9,Английский язык в бакалавриате и специалитете — Справочник учебного процесса НИУ ВШЭ — Национальный исследовательский университет «Высшая школа экономики»,studyspravka_engbach_7fafb718af.txt,https://www.hse.ru/studyspravka/engbach,web,documents,7,"ьзовать дополнительный безвозмездный для студента ресурс, помогающий поддерживать одну из основных компетенций в хорошей форме.
Куда можно направить замечания и предложения по преподаванию английского языка?
На странице
Школы иностранных языков
работает горячая линия ""
Выразительная кнопка
"". С помощью нее Вы можете выразить свое отношение к преподаванию английского языка в НИУ ВШЭ.
Какие нормативные документы регулируют изучение английского языка?
Концепция развития иноязычной коммуникативной компетенции студентов бакалавриата, специалитета и магистратуры НИУ ВШЭ
Регламент организации и проведения независимого экзамена по английскому языку по технологии, приближенной к международным экзаменам (Приложение 2 к
ПОПАТКУС
(действует c 16.10.2025)
Нашли
опечатку
Цифры и факты
Руководство и структура
Устойчивое развитие в НИУ ВШЭ
Преподаватели и сотрудники
Корпуса и общежития
Закупки
Обращения граждан в НИУ ВШЭ
Сведения о доходах, расходах, об имуществе и обязательствах имущественного характера
Лицей
Довузовская подготовка
Олимпиады
Прием в бакалавриат
Вышка+
Прием в магистратуру
Аспирантура
Образовательные партнерства
Научные подразделения
Исследовательские",keep
54,10,Цифровые компетенции в бакалавриате: независимые экзамены и внешняя оценка — Справочник учебного процесса НИУ ВШЭ — Национальный исследовательский университет «Высшая школа экономики»,studyspravka_examsdataculture_e0646d6e3a.txt,https://www.hse.ru/studyspravka/examsdataculture,web,documents,1,"ГИА
Обучение лиц с инвалидностью и ОВЗ
Академическим руководителям
Учебным, цифровым ассистентам и консультантам
Разработчикам новых образовательных программ НИУ ВШЭ
Цифровые компетенции в бакалавриате: независимые экзамены и внешняя оценка
Согласно
Концепции развития цифровых компетенций
, каждый студент бакалавриата и специалитета НИУ ВШЭ должен освоить три цифровые компетенции на минимально необходимом уровне, закрепленном отдельно для каждой программы и направления подготовки.
Данная инициатива отвечает на растущий спрос рынка труда на специалистов, способных профессионально работать с данными и использовать цифровые инструменты для обработки информации, — для этого был создан проект Культура работы с данными (
Data Culture
), а учебный план каждой программы теперь включает одноименный модуль с разными компонентами, ориентированными на достижение цифровых компетенций: это могут быть обязательные дисциплины, дисциплины по выбору, элементы проектной и практической подготовки.
По каждой из трех компетенций (Цифровая грамотность, Программирование, Анализ данных) для всех студентов предусмотрены:
Учебный курс
(дисциплина-пререквизит)
, который поможет освоить материал и",keep
55,10,Цифровые компетенции в бакалавриате: независимые экзамены и внешняя оценка — Справочник учебного процесса НИУ ВШЭ — Национальный исследовательский университет «Высшая школа экономики»,studyspravka_examsdataculture_e0646d6e3a.txt,https://www.hse.ru/studyspravka/examsdataculture,web,documents,2,"овки.
По каждой из трех компетенций (Цифровая грамотность, Программирование, Анализ данных) для всех студентов предусмотрены:
Учебный курс
(дисциплина-пререквизит)
, который поможет освоить материал и попрактиковаться в решении задач; завершается промежуточной аттестацией, которая проводится преподавателями, которые вели занятия, даже если финальный экзамен — тест.
Независимый экзамен
по цифровым компетенциям (далее — НЭ по ЦК) содержит задания на проверку и определение уровня сформированности той или иной цифровой компетенции из трех; проводится онлайн с применением прокторинга. Используется единый массив заданий для университета; разработан в НИУ ВШЭ.
Внешняя оценка (Иннополис)
цифровых компетенций проводится после каждого из НЭ по ЦК. Эта оценка фиксирует индивидуальную динамику студента и показывает относительное место студента и Вышки на «всероссийской» карте цифровых навыков студентов.
На некоторых образовательных программах предлагается студентам факультативно, если уровень математической и ИТ-подготовки высок и позволяет сдать экзамены без дополнительного курса
На этой странице перечислены основные положения по оценке цифровых компетенций в НИУ ВШЭ, они расположены в",keep
56,10,Цифровые компетенции в бакалавриате: независимые экзамены и внешняя оценка — Справочник учебного процесса НИУ ВШЭ — Национальный исследовательский университет «Высшая школа экономики»,studyspravka_examsdataculture_e0646d6e3a.txt,https://www.hse.ru/studyspravka/examsdataculture,web,documents,3,"ь математической и ИТ-подготовки высок и позволяет сдать экзамены без дополнительного курса
На этой странице перечислены основные положения по оценке цифровых компетенций в НИУ ВШЭ, они расположены в двух разделах по оглавлению.
Независимые экзамены по цифровым компетенциям
Даты и язык проведения
Материалы для подготовки
Оценки
Запись на экзамены
Проведение
Перенос
Аппеляции
Пересдачи
Отдельные случаи
Перезачет оценок
НЭ по ЦК происходит независимо от оценивания результатов изучения дисциплин, нацеленных на развитие ЦК. На экзамене студенты обязаны продемонстрировать владение цифровыми компетенциями на уровне не ниже минимально необходимого для своей программы.
Внешняя оценка цифровых компетенций (Иннополис)
Элементы оценки
Формат
Даты проведения
Оценивание
Калькулятор оценок
Для того, чтобы определить, как цифровые компетенции студентов НИУ ВШЭ соотносятся с аналогичными знаниями и умениями других студентов в Российской Федерации, проводится еще и внешняя оценка цифровых компетенций. Она обязательна для студентов образовательных программ, в учебный план которых она включена, а так же для определяемых приказом координирующего проректора.
Независимые экзамены по цифровым",keep
57,10,Цифровые компетенции в бакалавриате: независимые экзамены и внешняя оценка — Справочник учебного процесса НИУ ВШЭ — Национальный исследовательский университет «Высшая школа экономики»,studyspravka_examsdataculture_e0646d6e3a.txt,https://www.hse.ru/studyspravka/examsdataculture,web,documents,4,"омпетенций. Она обязательна для студентов образовательных программ, в учебный план которых она включена, а так же для определяемых приказом координирующего проректора.
Независимые экзамены по цифровым компетенциям проводятся в две волны в 3 и 4 модуле в зависимости от учебного плана конкретной образовательной программы.
3 модуль
Независимый экзамен по цифровым компетенциям для студентов бакалавриата и специалитета в 2025/2026 учебном году начнет проводиться с
1 февраля 2026 года
Первая пересдача по Независимым экзаменам по цифровым компетенциям пройдет
с 3 по 7 марта
Вторая пересдача по Независимым экзаменам по цифровым компетенциям пройдет
с 19 по 21 марта
Если студенты по уважительной причине пропустят одну из пересдач в марте, для них будет следующая возможность пересдать экзамен в следующий период пересдач: сентябрь-октябрь следующего учебного года.
У студентов есть возможность
отложить вторую пересдачу
, если на первой пересдаче получена неудовлетворительная оценка.
Если студент принимает решение отложить вторую пересдачу, или по уважительной причине пропустил в условленный период одну из пересдач, (у него остается еще одна попытка сдачи), в таком случае пересдача проводится",keep
58,10,Цифровые компетенции в бакалавриате: независимые экзамены и внешняя оценка — Справочник учебного процесса НИУ ВШЭ — Национальный исследовательский университет «Высшая школа экономики»,studyspravka_examsdataculture_e0646d6e3a.txt,https://www.hse.ru/studyspravka/examsdataculture,web,documents,5,"принимает решение отложить вторую пересдачу, или по уважительной причине пропустил в условленный период одну из пересдач, (у него остается еще одна попытка сдачи), в таком случае пересдача проводится в следующий период пересдач Независимых экзаменов по цифровым компетенциям - в осенний период пересдач (для экзаменов проводимых в 3 модуле).
Пересдачи Независимых экзаменов по цифровым компетенциям для студентов с задолженностями с 2024/2025 учебных годов пройдут 18-20 марта.
Язык проведения
экзаменов зависит от языка реализации программы: если она реализуется только на английском языке или на двух языках, студенты сдают на английском языке; остальные студенты проходят оценку на русском языке.
4 модуль
Независимые экзамены по цифровым компетенциям для студентов бакалавриата и специалитета в 2025/2026 учебном году пройдет
с 4 апреля по 15 июня
Цифровая грамотность
Digital Literacy
Программирование. Начальный уровень
Programming. Elementary level
Программирование. Базовый уровень
Programming. Intermediate level
Программирование. Продвинутый уровень
Programming. Advanced level
Анализ данных. Начальный уровень
Data Science. Elementary level
Анализ данных. Базовый уровень
Data",keep
59,10,Цифровые компетенции в бакалавриате: независимые экзамены и внешняя оценка — Справочник учебного процесса НИУ ВШЭ — Национальный исследовательский университет «Высшая школа экономики»,studyspravka_examsdataculture_e0646d6e3a.txt,https://www.hse.ru/studyspravka/examsdataculture,web,documents,6,"ень
Programming. Intermediate level
Программирование. Продвинутый уровень
Programming. Advanced level
Анализ данных. Начальный уровень
Data Science. Elementary level
Анализ данных. Базовый уровень
Data Science. Intermediate level
Анализ данных. Продвинутый уровень
Data Science. Advanced level
Оценки за Независимые экзамены выставляются по 10-балльной шкале и объявляются не позднее чем через 3 недели после окончания периода проведения экзаменов. Обращаем внимание на то, что оценки за каждый отдельный экзамен вносятся в приложение к диплому, идут в текущий рейтинг с весом в 3 кредита, входят в рейтинг определенных годов обучения в соответствии с учебным планом, и
учитываются при назначении стипендий и скидок
в соответствии с локальными нормативными актами НИУ ВШЭ.
Правила округления оценок
— Выше 4 баллов действуют правила арифметического округления. Пример: оценка 4,5 округляется до 5; 6,4 округляется до 6.
— Ниже 4 баллов оценка округляется с отбрасыванием целого числа. Пример: 3,9 округляется до 3.
Если студент получил за любой из экзаменов по цифровым компетенциям неудовлетворительную оценку (ниже 4 баллов), то у студента образуется
академическая задолженность
, которую",keep
60,10,Цифровые компетенции в бакалавриате: независимые экзамены и внешняя оценка — Справочник учебного процесса НИУ ВШЭ — Национальный исследовательский университет «Высшая школа экономики»,studyspravka_examsdataculture_e0646d6e3a.txt,https://www.hse.ru/studyspravka/examsdataculture,web,documents,7,"р: 3,9 округляется до 3.
Если студент получил за любой из экзаменов по цифровым компетенциям неудовлетворительную оценку (ниже 4 баллов), то у студента образуется
академическая задолженность
, которую необходимо устранить до конца обучения.
Учебный офис публикует график проведения экзаменов
за 10 дней
до начала периода проведения экзаменов на сайте образовательной программы, а также дополнительно оповещает студентов о дате, платформе и времени проведения каждого экзамена
за 3 рабочих дня
до даты проведения экзамена.
Студент
самостоятельно
записывается на экзамен
Запись на экзамены доступна студентам
за 2 недели
до первого слота по экзаменам по цифровым компетенциям. Дату и время сдачи определяет студент, исходя из доступных ему слотов записи.
Не позднее, чем
студент должен внести данные о выбранном слоте в регистрационные формы.
Если студент имеет медицинские показания для создания ему
особых условий
при проведении экзаменов, он должен не позднее, чем
за месяц
до начала проведения экзаменов, предоставить в Учебный офис заявление на имя проректора
С.Ю. Рощина
, в котором должно содержаться описание необходимых условий, и медицинские документы, являющиеся основанием для их",keep
61,10,Цифровые компетенции в бакалавриате: независимые экзамены и внешняя оценка — Справочник учебного процесса НИУ ВШЭ — Национальный исследовательский университет «Высшая школа экономики»,studyspravka_examsdataculture_e0646d6e3a.txt,https://www.hse.ru/studyspravka/examsdataculture,web,documents,8,"едения экзаменов, предоставить в Учебный офис заявление на имя проректора
С.Ю. Рощина
, в котором должно содержаться описание необходимых условий, и медицинские документы, являющиеся основанием для их создания.
Проведение экзаменов
Экзамены по цифровым компетенциям в текущем учебном году проводятся в онлайн-формате с синхронным прокторингом на платформе edu.hse.ru
Перед началом экзамен студент должен:
1. Ознакомиться с правилами поведения на экзамене.
2. Пройти идентификацию личности. Подойдет внутренний или заграничный паспорта, водительские права, временное удостоверение личности гражданина РФ.
Во время экзамена:
Можно
иметь при себе черновики (чистая бумага, ручка на столе), воду, лекарства (в прозрачном пакете).
Запрещено
иметь гаджеты (мобильные телефоны, кроме того, который используется во время экзамена в роли камеры, планшеты и т.д.), наушники, дополнительные мониторы и компьютерную технику, справочные материалы (книги, записи и т.д.).
Выход из помещения во время экзамена:
По Цифровой грамотности не разрешается.
По Анализу данных и Программированию возможен по согласованию с проктором один раз на не более чем 5 минут.
Если студент отсутствует более 5 минут, проктор",keep
62,10,Цифровые компетенции в бакалавриате: независимые экзамены и внешняя оценка — Справочник учебного процесса НИУ ВШЭ — Национальный исследовательский университет «Высшая школа экономики»,studyspravka_examsdataculture_e0646d6e3a.txt,https://www.hse.ru/studyspravka/examsdataculture,web,documents,9,"ена:
По Цифровой грамотности не разрешается.
По Анализу данных и Программированию возможен по согласованию с проктором один раз на не более чем 5 минут.
Если студент отсутствует более 5 минут, проктор имеет право отстранить студента. В этом случае работа студента аннулируется.
При обнаружении запрещенных предметов или при нарушении студентом правил поведения во время экзамена проктор имеет право удалить студента с экзамена.
При возникновении технических вопросов во время экзамена студент может в чате системы прокторинга задать вопрос проктору.
Правила проведения экзаменов
опубликованы внутри дисциплин SmartLMS.
Перенос экзаменов
Перенос экзамена после закрытия слотов на запись возможен
только по уважительной причине
. Для переноса студент должен до начала экзамена по электронной почте подать в свободной форме заявление на имя менеджера учебного офиса с обязательным указанием причин переноса.
Перенос даты и/или времени проведения экзамена осуществляется
не более 2 раз
в период проведения независимых экзаменов.
Апелляции
Апелляция к НЭ по ЦК не предусмотрена.
Не рассматриваются следующие заявления об апелляции
На структуру бланков, настройки плагинов проверки заданий, правила,",keep
63,10,Цифровые компетенции в бакалавриате: независимые экзамены и внешняя оценка — Справочник учебного процесса НИУ ВШЭ — Национальный исследовательский университет «Высшая школа экономики»,studyspravka_examsdataculture_e0646d6e3a.txt,https://www.hse.ru/studyspravka/examsdataculture,web,documents,10,"оведения независимых экзаменов.
Апелляции
Апелляция к НЭ по ЦК не предусмотрена.
Не рассматриваются следующие заявления об апелляции
На структуру бланков, настройки плагинов проверки заданий, правила, определяющие методы проверки заданий, вес заданий;
На вопросы, связанные с нарушением студентом установленных требований к выполнению экзаменационной работы;
На формулировку заданий НЭ по ЦК.
В случаях
технических проблем и сбоев
в работе бланка при проведении НЭ по ЦК студент имеет право направить мотивированное заявление (
Образец мотивированного заявления
) в Учебный офис своей образовательной программы по корпоративной почте, а также через автоматизированный сервис в ЭИОС до 23.59 непосредственно в день проведения НЭ по ЦК с описанием технических сбоев в работе бланка с приложением подтверждающих материалов (скриншота экрана, включающего системное время создания скриншота/ фото, видео и т.д.).
В случае удовлетворения мотивированного заявления, поданного в Учебный офис, работа студента аннулируется, и ему предоставляется возможность написать НЭ по ЦК в резервный день.
Студент должен за 2 рабочих дня до установленного периода резервных дней подать в учебный офис заявку на сдачу НЭ",keep
64,10,Цифровые компетенции в бакалавриате: независимые экзамены и внешняя оценка — Справочник учебного процесса НИУ ВШЭ — Национальный исследовательский университет «Высшая школа экономики»,studyspravka_examsdataculture_e0646d6e3a.txt,https://www.hse.ru/studyspravka/examsdataculture,web,documents,11,"та аннулируется, и ему предоставляется возможность написать НЭ по ЦК в резервный день.
Студент должен за 2 рабочих дня до установленного периода резервных дней подать в учебный офис заявку на сдачу НЭ по ЦК в резервный день. Учебный офис регистрирует студента на НЭ по ЦК в резервный день.
Пересдача экзаменов по цифровым компетенциям проходит:
марте, если Независимый экзамен стоит в 3 модуле, и первая сдача проходит в феврале
осенний период пересдач, если Независимый экзамен стоит в 4 модуле, и первая сдача проходит в апреле-июне
отложить вторую пересдачу и изучить курс заново
Если студент принимает решение отложить вторую пересдачу, или по уважительной причине пропустил в условленный период одну из пересдач, (у него остается еще одна попытка сдачи), в таком случае пересдача проводится в следующий период пересдач Независимых экзаменов по цифровым компетенциям - или в марте или в осенний период пересдач по решению рабочей группы.
Студент не допускается к государственной итоговой аттестации (ГИА), если до 1 апреля последнего курса обучения не ликвидирована академическая задолженность по независимым экзаменам по цифровым компетенциям.
1. Если студент не освоил дисциплины,",keep
65,10,Цифровые компетенции в бакалавриате: независимые экзамены и внешняя оценка — Справочник учебного процесса НИУ ВШЭ — Национальный исследовательский университет «Высшая школа экономики»,studyspravka_examsdataculture_e0646d6e3a.txt,https://www.hse.ru/studyspravka/examsdataculture,web,documents,12,"овой аттестации (ГИА), если до 1 апреля последнего курса обучения не ликвидирована академическая задолженность по независимым экзаменам по цифровым компетенциям.
1. Если студент не освоил дисциплины, запланированные в учебном плане образовательной программы для подготовки к независимому экзамену по цифровым компетенциям. Студент может подать заявление на повторное включение этих дисциплин в ИУП. Тогда независимый экзамен по цифровой компетенции переносится на следующий год и перенос не считается академической задолженностью.
2. Если студент пропустил сдачу независимого экзамена по цифровым компетенциям, находясь в академическом отпуске, в отпуске по беременности и родам или в отпуске по уходу за ребенком. Студент последовательно изучает дисциплины, предусмотренные учебным планом образовательной программы для подготовки к независимому экзамену по цифровым компетенциям, и сдаёт экзамен после их завершения.
Если очередная оценка внешнего изменения цифровых компетенций (внешняя оценка) ниже любой предыдущей внешней оценки на два балла и более – все ранее проведенные зачеты по цифровым компетенциям на лучшую оценку аннулируются, и в учетных системах восстанавливаются",keep
66,10,Цифровые компетенции в бакалавриате: независимые экзамены и внешняя оценка — Справочник учебного процесса НИУ ВШЭ — Национальный исследовательский университет «Высшая школа экономики»,studyspravka_examsdataculture_e0646d6e3a.txt,https://www.hse.ru/studyspravka/examsdataculture,web,documents,13,"(внешняя оценка) ниже любой предыдущей внешней оценки на два балла и более – все ранее проведенные зачеты по цифровым компетенциям на лучшую оценку аннулируются, и в учетных системах восстанавливаются результаты сдачи независимых экзаменов и освоения его Дисциплин-пререквизитов.
Перезачет внешней оценки или ДПР и НЭ проводится один раз в год в период после окончания сессии 4 модуля до 10 июля включительно. Правило пересчета внешней оценки закреплено в Приложении 5 к
ПОПАТКУС
. Итоговый проект по Внешней оценке не будет участвовать в перезачетах в 2025/2026 учебном году.
Оценка за внешнюю оценку
Оценка за независимый экзамен
Оценка за дисциплину-пререквизит
Может использоваться для перезачета
В качестве независимого экзамена по цифровым компетенциям и его обязательной Дисциплине-пререквизиту, используется соответствующая внешняя оценка, если выполнены два условия:
ранее полученная положительная оценка по соответствующему независимому экзамену ниже, чем полученная внешняя оценка
отсутствует предыдущая внешняя оценка большая текущей на два балла или более
1. Оценки за пересдачу по дисциплине-пререквизиту для ликвидации академической задолженности.
2. Оценки по",keep
67,10,Цифровые компетенции в бакалавриате: независимые экзамены и внешняя оценка — Справочник учебного процесса НИУ ВШЭ — Национальный исследовательский университет «Высшая школа экономики»,studyspravka_examsdataculture_e0646d6e3a.txt,https://www.hse.ru/studyspravka/examsdataculture,web,documents,14,"я внешняя оценка
отсутствует предыдущая внешняя оценка большая текущей на два балла или более
1. Оценки за пересдачу по дисциплине-пререквизиту для ликвидации академической задолженности.
2. Оценки по дисциплине-пререквизиту, которая ранее не была включена студентом в объем образовательной программы, но по заявлению на имя академического руководителя включается в этот объем.
3. Ранее полученной положительной оценки по дисциплине-пререквизиту, если она ниже оценки, полученной за независимый экзамен.
1. Полученной оценки по независимому экзамену, если она ниже оценки по дисциплине-пререквизиту, при условии, что обе оценки положительные.
Перезачет осуществляется в пользу более высокой оценки, при этом максимальная оценка, которая может стоять при перезачете дисциплиной-пререквизитом, – 8
(действует c 01.09.2025)
Концепция развития цифровых компетенций студентов НИУ ВШЭ
Элементы Внешней оценки
У всех студентов ВШЭ учебный план содержит дисциплины, нацеленные на развитие цифровой грамотности, навыков программирования и анализа данных и им предстоит пройти по каждой из трех развиваемых компетенций независимые экзамены, которые позволяют определить результат развития цифровых",keep
68,10,Цифровые компетенции в бакалавриате: независимые экзамены и внешняя оценка — Справочник учебного процесса НИУ ВШЭ — Национальный исследовательский университет «Высшая школа экономики»,studyspravka_examsdataculture_e0646d6e3a.txt,https://www.hse.ru/studyspravka/examsdataculture,web,documents,15,"ой грамотности, навыков программирования и анализа данных и им предстоит пройти по каждой из трех развиваемых компетенций независимые экзамены, которые позволяют определить результат развития цифровых компетенций на уровне образовательной программы и университета в целом. Для того, чтобы определить, как цифровые компетенции студентов НИУ ВШЭ соотносятся с аналогичными знаниями и умениями других студентов в Российской Федерации, проводится еще и внешняя оценка цифровых компетенций.
Внешней оценке (Иннополис) в 2024/2025 учебном году подлежат студенты 2 курса бакалавриата и специалитета образовательных программ в соответствии с
Распределением ОП по ИТ-модулям
(PDF, 42 Кб).
Для студентов, зачисленных начиная с 2023 года, итоговая внешняя оценка осуществляется в форме защиты итогового проекта на платформе НИУ ВШЭ. Результаты данной оценки не учитываются при перезачете результатов по цифровым компетенциям.
Внешняя оценка (Иннополис) представляет собой поэтапное отслеживание развиваемых в ходе обучения цифровых компетенций и состоит из следующих элементов:
Входная оценка
Промежуточная оценка
Итоговая оценка
Проводится с целью проверки знаний на старте изучения цифровых компетенций.",keep
69,10,Цифровые компетенции в бакалавриате: независимые экзамены и внешняя оценка — Справочник учебного процесса НИУ ВШЭ — Национальный исследовательский университет «Высшая школа экономики»,studyspravka_examsdataculture_e0646d6e3a.txt,https://www.hse.ru/studyspravka/examsdataculture,web,documents,16,"х в ходе обучения цифровых компетенций и состоит из следующих элементов:
Входная оценка
Промежуточная оценка
Итоговая оценка
Проводится с целью проверки знаний на старте изучения цифровых компетенций. Важно понимать, что неудовлетворительная оценка за любой этап не повлияет на стипендию, рейтинг и не пойдет в диплом студента.
Проверяет как изменились навыки студента в ходе образовательного процесса. Подразумевается, что навыки должны улучшиться, а не наоборот.
Логически завершает освоение цифровых компетенций и должна отражать итоговый уровень их сформированности.
Тип и сложность вопросов
едины для всех этапов
— таким образом отслеживается динамика уровня освоения компетенций.
Вопросы могут содержать темы, которые студент не проходил в рамках курсов Data Culture
! От разных ИТ-модулей ожидается разный уровень освоения компетенций, поэтому вопросы имеют разную сложность.
Формат Внешней оценки
Внешняя оценка состоит из тестовой и практической части. В практической части студент решает проблемную ситуацию с помощью выбора одного из нескольких вариантов действий. Демоверсии у внешней оценки нет, как и спецификации.
Прежде чем студент нажмет кнопку «Завершить», у него будет 3 попытки.",keep
70,10,Цифровые компетенции в бакалавриате: независимые экзамены и внешняя оценка — Справочник учебного процесса НИУ ВШЭ — Национальный исследовательский университет «Высшая школа экономики»,studyspravka_examsdataculture_e0646d6e3a.txt,https://www.hse.ru/studyspravka/examsdataculture,web,documents,17,"проблемную ситуацию с помощью выбора одного из нескольких вариантов действий. Демоверсии у внешней оценки нет, как и спецификации.
Прежде чем студент нажмет кнопку «Завершить», у него будет 3 попытки. В итоговый результат пойдет последняя попытка.
Время проведения
: На каждый этап внешней оценки от его начала выделяется 180 минут или 240 минут (в зависимости от ИТ-модуля)
Прокторинг
: Внешняя оценка проводится со «стандартным» асинхронным прокторингом, подробнее в
инструкции обучающегося
(PDF, 3,99 Мб)
Место проведения
: Платформа университета Иннополис — ссылка на тестирование будет размещена в специализированном курсе в SmartLMS, к которому подключены все обучающиеся IT-модуля
Авторизация на платформе
: Номер моб.телефона; ФИО; СНИЛС (для иностранных граждан — паспорт); Корпоративная электронная почта ***@edu.hse.ru
* При введении некорректных данных работа не будет засчитана
Внешняя оценка учитывается в качестве ранее полученной оценки по независимому экзамену по цифровым компетенциям и соответствующей обязательной дисциплине-пререквизиту, если оценка, полученная по результатам внешней оценки компетенций, выше оценки по независимому экзамену по цифровым компетенциями и по",keep
71,10,Цифровые компетенции в бакалавриате: независимые экзамены и внешняя оценка — Справочник учебного процесса НИУ ВШЭ — Национальный исследовательский университет «Высшая школа экономики»,studyspravka_examsdataculture_e0646d6e3a.txt,https://www.hse.ru/studyspravka/examsdataculture,web,documents,18,"петенциям и соответствующей обязательной дисциплине-пререквизиту, если оценка, полученная по результатам внешней оценки компетенций, выше оценки по независимому экзамену по цифровым компетенциями и по дисциплине-пререквизиту и если текущая внешняя оценка
НЕ ниже ранее полученных внешних оценок
на два балла и более.
Результат входного тестирования
Результат промежуточного тестирования
Результат итогового тестирования
Не прохождение Внешней оценки
→ НЭ по Цифровой грамотности и дисциплине-пререквизиту (т.е. дисциплине, непосредственно готовящей студентов к НЭ и указанной в РУП в разделе Data Culture)
→ НЭ по Программированию и дисциплине-пререквизиту (т.е. дисциплине, непосредственно готовящей студентов к НЭ и указанной в РУП в разделе Data Culture
→ НЭ по Анализу данных и дисциплине-пререквизиту (т.е. дисциплине, непосредственно готовящей студентов к НЭ и указанной в РУП в разделе Data Culture)
Неявка приравнивается к задолженности, пока студент не пройдет тестирование.
Если по истечение шести месяцев студент не прошел внешнюю оценку, то его учебный план считается не выполненым, что свидетельствует о недобросовестном освоении ОП.
Нашли
опечатку
Цифры и факты
Руководство и",keep
72,11,Показатель качества учебной деятельности (КУД) — Справочник учебного процесса НИУ ВШЭ — Национальный исследовательский университет «Высшая школа экономики»,studyspravka_kud_45b0b50570.txt,https://www.hse.ru/studyspravka/kud,web,documents,1,"периода пересдач.
Критерии расчета КУД
1. Две неудовлетворительные оценки по итогам промежуточных аттестаций в рамках одной дисциплины в ходе двух сессий между периодами пересдач учитываются как одна неудовлетворительная оценка.
2. Неудовлетворительная оценка по итогам промежуточной аттестации, полученная по дисциплине включенной в ИУП, но выбранной студентом сверх нормативного объема, предлагаемого учебным планом, в том числе по факультативной дисциплине, учитывается наравне с другими неудовлетворительными оценками.
3. Неудовлетворительная оценка, полученная по общеуниверситетскому факультативу, не учитывается в общем количестве неудовлетворительных оценок.
4. Неявка на обязательный внешний экзамен учитывается в КУД как отдельное слагаемое.
5. Невыбор в установленные сроки темы ВКР или иной обязательной курсовой работы учитывается в КУД как отдельное слагаемое.
6. Количество неудовлетворительных оценок по независимым экзаменам определяется в соответствии с пунктами, регламентирующими особенности подведения итогов успеваемости по независимым экзаменам. Подробнее о
независимых экзаменах и внешней оценке
7. Неудовлетворительные оценки, полученные в рамках первичного изучения",keep
73,11,Показатель качества учебной деятельности (КУД) — Справочник учебного процесса НИУ ВШЭ — Национальный исследовательский университет «Высшая школа экономики»,studyspravka_kud_45b0b50570.txt,https://www.hse.ru/studyspravka/kud,web,documents,2,"тирующими особенности подведения итогов успеваемости по независимым экзаменам. Подробнее о
независимых экзаменах и внешней оценке
7. Неудовлетворительные оценки, полученные в рамках первичного изучения дисциплин по договору по части образовательной программы, не учитываются при определении КУД.
8. Неудовлетворительные оценки, полученные в рамках состоявшихся в предыдущие периоды пересдач или по независимым экзаменам, по которым предусмотрены особые сроки для организации пересдач, учитываются наравне с иными неудовлетворительными оценками по правилам, перечисленным выше. Исключение составляют неудовлетворительные оценки по первым пересдачам, имеющиеся у студента, повторно изучающего дисциплину, такие оценки не учитываются в КУД.
Критическое значение КУД для студентов равно
двум
— это значит, что у студента две задолженности, и он допускается к пересдачам, но если получит третью неудовлетворительную оценку, то будет отчислен.
Критическое значение КУД для студентов, относящихся к
отдельным категориям
равно
пяти
, если превышение обычного КУД в отношении студента зафиксировано
в первый раз
Студенты, КУД которых превышает критическое значение (с учетом отнесения студента к отдельной",keep
74,12,Пакет документов первокурсника НИУ ВШЭ-Москва — Справочник учебного процесса НИУ ВШЭ — Национальный исследовательский университет «Высшая школа экономики»,studyspravka_documents_dc7084283c.txt,https://www.hse.ru/studyspravka/documents,web,documents,1,"ГИА
Обучение лиц с инвалидностью и ОВЗ
Академическим руководителям
Учебным, цифровым ассистентам и консультантам
Разработчикам новых образовательных программ НИУ ВШЭ
Пакет документов первокурсника НИУ ВШЭ-Москва
НИУ ВШЭ-Москва
НИУ ВШЭ-Нижний Новгород
НИУ ВШЭ-Пермь
Дорогой первокурсник! Поздравляем с зачислением в НИУ ВШЭ-Москва.
Ниже ты найдешь список основных документов, которые ты должен получить в начале обучения.
Студенческий билет
Для получения студенческого билета необходимо сдать фотографию 3х4 в учебный офис своей образовательной программы. Менеджер твоей образовательной программы сообщит о дате и месте вручения студенческого билета.
Также студентам доступен
электронный студенческий билет
в приложении «Госуслуги» в виде QR-кода. Он равнозначен бумажному документу и позволяет подтверждать статус студента для скидок или покупки льготных билетов. Уточните заранее там, куда собираетесь, можно ли использовать электронный студенческий билет.
Справка о подтверждении факта обучения
Справку о подтверждении факта обучения можно заказать
в электронном сервисе центра сервиса «Студент»
с 1 сентября 2025 г.
Рекомендуем выбирать электронный формат получения - справка, подписанная",keep
75,12,Пакет документов первокурсника НИУ ВШЭ-Москва — Справочник учебного процесса НИУ ВШЭ — Национальный исследовательский университет «Высшая школа экономики»,studyspravka_documents_dc7084283c.txt,https://www.hse.ru/studyspravka/documents,web,documents,2,"чения
Справку о подтверждении факта обучения можно заказать
в электронном сервисе центра сервиса «Студент»
с 1 сентября 2025 г.
Рекомендуем выбирать электронный формат получения - справка, подписанная электронной подписью, будет готова в личном кабинете в течение 15 минут!
* Для заселения в общежития не нужно заказывать справки отдельно, они будут подготовлены централизованно.
** Для авторизациив
Едином личном кабинете (ЕЛК)
необходимо использовать корпоративную почту.
Читательский билет
Ознакомьтесь с правилами пользования библиотекой по
ссылке
Для получения читательского билета заполните
регистрационную форму
онлайн на сайте библиотеки (
ля регистрации Вам понадобится номер студенческого билета и адрес корпоративной почты НИУ ВШЭ). После отправки формы вы получите номер читательского билета, который будет доступен в приложении HSE App X.
Теперь можно оформить удаленный доступ к электронным ресурсам библиотеки, перейдя по
По всем вопросам обращайтесь
на горячую линию
библиотеки НИУ ВШЭ или пишите в соцсети библиотеки
Если вы хотите записаться на экскурсию по библиотеке или узнать о том, как искать информацию в печатных и электронных ресурсах, пишите по адресу",keep
76,12,Пакет документов первокурсника НИУ ВШЭ-Москва — Справочник учебного процесса НИУ ВШЭ — Национальный исследовательский университет «Высшая школа экономики»,studyspravka_documents_dc7084283c.txt,https://www.hse.ru/studyspravka/documents,web,documents,3,"инию
библиотеки НИУ ВШЭ или пишите в соцсети библиотеки
Если вы хотите записаться на экскурсию по библиотеке или узнать о том, как искать информацию в печатных и электронных ресурсах, пишите по адресу library@hse.ru.
Пропуск для прохода в здания университета
Получение пропусков в 2025-2026 уч. году осуществляется по
графику
Оформить пропуск можно в Бюро пропусков по адресу:
· Большой Трёхсвятительский переулок, дом 3 комн. №114
· Покровский бульвар, д.11, комн. Z-117, Z-101 Культурный центр
· Мясницкая, дом 9/11
График работы:
· Понедельник-пятница с 10.00 до 17:30, технический перерыв с 13.00 до 14.00
· Суббота с 10:00 до 15:00 (только по адресам: Б. Трёсхсвятительский пер. и Мясницкая ул.)
· Воскресенье – выходной
Для оформления электронного пропуска, при себе необходимо иметь:
· Студентам - студенческий билет
Подробная информация по ссылке:
Стипендиальная банковская карта
Управление бухгалтерского учета и отчетности и приемная комиссия НИУ ВШЭ совместно с филиалом № 7701 банка ВТБ ПАО осуществляет выпуск банковских стипендиальных карт с бесплатным обслуживанием и дизайном НИУ ВШЭ.
Первокурсникам (в том числе иностранным гражданам), получающим стипендию, банковские",keep
77,12,Пакет документов первокурсника НИУ ВШЭ-Москва — Справочник учебного процесса НИУ ВШЭ — Национальный исследовательский университет «Высшая школа экономики»,studyspravka_documents_dc7084283c.txt,https://www.hse.ru/studyspravka/documents,web,documents,4,"701 банка ВТБ ПАО осуществляет выпуск банковских стипендиальных карт с бесплатным обслуживанием и дизайном НИУ ВШЭ.
Первокурсникам (в том числе иностранным гражданам), получающим стипендию, банковские стипендиальные карты будут выпускаться автоматически. Если ранее обучались в НИУ ВШЭ (Москва) и получали выплаты стипендии на банковскую карту, выплаты продолжатся на эти же карты.
В случае если выпуск стипендиальной карты будет невозможен по каким-либо причинам, Вам будет направлено информационное письмо на корпоративную электронную почту.
Выдача готовых банковских стипендиальный карт МИР будет производиться по определенному графику на территории университета или в отделениях банка ВТБ.
Информация о месте, датах и сроках выдачи карт будет направляться персонально на корпоративную почту студента.
Контакты Управления бухгалтерского учета и отчетности НИУ ВШЭ
(по вопросам перечислений стипендий и прочих выплат студентам, а также выпуска стипендиальных карт МИР)
Электронная почта: std@hse.ru
О сервисах финансовой дирекции можно узнать
перейдя по ссылке
Карта москвича
Карта москвича необходима для льготного проезда в общественном транспорте. Она оформляется в многофункциональном центре",keep
78,12,Пакет документов первокурсника НИУ ВШЭ-Москва — Справочник учебного процесса НИУ ВШЭ — Национальный исследовательский университет «Высшая школа экономики»,studyspravka_documents_dc7084283c.txt,https://www.hse.ru/studyspravka/documents,web,documents,5,".ru
О сервисах финансовой дирекции можно узнать
перейдя по ссылке
Карта москвича
Карта москвича необходима для льготного проезда в общественном транспорте. Она оформляется в многофункциональном центре Москвы (МФЦ)
Шаг 1:
Проверьте наличие своих данных на сайте Московского социального регистра
Проверка гражданина в реестре студентов/ординаторов/аспирантов
Шаг 2:
Пройдите регистрацию на портале
www.mos.ru
и подайте заявку на оформление карты москвича через личный кабинет. Срок рассмотрения заявления составляет
30 календарных дней.
Статус заявления можно отслеживать в личном кабинете или по
Если Вы – иностранный студент,
для оформления заявки на получение карты москвича необходимо оформить
СНИЛС (страховой номер индивидуального лицевого счета)
Заявление на изготовление СНИЛС подается лично в ближайшее отделение СФР (Социальный Фонд России) или МФЦ (Центр «Мои документы»).
При себе необходимо иметь:
документ удостоверяющий личность (паспорт или вид на жительство);
Нотариально заверенный перевод документа, удостоверяющего личность.
Список отделений СФР по г. Москве:
Список отделений МФЦ
Воинский учет (для студентов НИУ ВШЭ-Москва, подлежащих призыву)
Студенты, граждане РФ, зачисленные",keep
79,12,Пакет документов первокурсника НИУ ВШЭ-Москва — Справочник учебного процесса НИУ ВШЭ — Национальный исследовательский университет «Высшая школа экономики»,studyspravka_documents_dc7084283c.txt,https://www.hse.ru/studyspravka/documents,web,documents,6,"перевод документа, удостоверяющего личность.
Список отделений СФР по г. Москве:
Список отделений МФЦ
Воинский учет (для студентов НИУ ВШЭ-Москва, подлежащих призыву)
Студенты, граждане РФ, зачисленные по очной форме обучения на 1 курс, в соответствии с
Порядком воинского учета в НИУ ВШЭ
обязаны встать на воинский учет
Втором отделе НИУ ВШЭ
Постановка на воинский учет
Для постановки на воинский учет в Университете в течение 5 (пяти) рабочих дней, после предоставления доступа в едином личном кабинете (ЕЛК) обучающегося, требуется направить заявку через сервис
«Отправка данных воинского учета» (сервис для обучающихся)
При направлении заявки необходимо прикреплять скан-копии всех страниц документов воинского учета:
удостоверения гражданина, подлежащего призыву на военную службу;
военный билет или справка взамен военного билета для военнообязанных студентов.
Если Вы освобождены от исполнения воинской обязанности по состоянию здоровья, направьте заявку для подтверждения своего статуса.
Получение справки об отсрочке
Для получения справки необходимо:
1. Встать на воинский учет в университете через сервис
2. Записаться в электронную очередь (
ссылка
) и дождаться приглашения во Второй",keep
80,12,Пакет документов первокурсника НИУ ВШЭ-Москва — Справочник учебного процесса НИУ ВШЭ — Национальный исследовательский университет «Высшая школа экономики»,studyspravka_documents_dc7084283c.txt,https://www.hse.ru/studyspravka/documents,web,documents,7,"Получение справки об отсрочке
Для получения справки необходимо:
1. Встать на воинский учет в университете через сервис
2. Записаться в электронную очередь (
ссылка
) и дождаться приглашения во Второй отдел, которое поступит Вам на электронную корпоративную почту (ссылка актуальна до конца ноября, далее приём ведётся в режиме живой очереди).
Если в течение 3 рабочих дней после заполнения формы Вам не пришло письмо с датой явки во Второй отдел НИУ ВШЭ (не забудьте проверить cпам), просим сообщить об этом на почту: 2otdel@hse.ru
3. Прибыть во Второй отдел, имея при себе приписное свидетельство и паспорт, для получения справки по форме Приложение № 4, подтверждающей Ваше право на отсрочку от призыва (для аспирантов выдаётся справка по форме Приложение № 5).
4. Отнести справку в военкомат, в котором Вы стоите на воинском учете для получения отсрочки.
Справка в первую очередь необходима студентам первого курса для получения отсрочки от призыва. Студенты старших курсов, уже получившие отсрочку от призыва, при вызове в военкомат подтверждают справкой свой статус обучающегося.
Где получить справку: г. Москва, ул. Космонавта Волкова, дом 18 (МЦД-2, платформа «Красный балтиец»), комн. 101,",keep
81,12,Пакет документов первокурсника НИУ ВШЭ-Москва — Справочник учебного процесса НИУ ВШЭ — Национальный исследовательский университет «Высшая школа экономики»,studyspravka_documents_dc7084283c.txt,https://www.hse.ru/studyspravka/documents,web,documents,8,"рочку от призыва, при вызове в военкомат подтверждают справкой свой статус обучающегося.
Где получить справку: г. Москва, ул. Космонавта Волкова, дом 18 (МЦД-2, платформа «Красный балтиец»), комн. 101, 107.
Когда получить справку: понедельник - пятница с 10:00 до 13:00, с 13.30 -16.30
ВАЖНО! Если у вас на руках повестка на ближайшие три рабочих дня, сотрудники Второго отдела примут вас без записи в электронную очередь
Дополнительная информация доступна по ссылке:
Отсрочка от призыва на военную службу
Заселение в общежитие (если Вы – иногородний / иностранный студент)
Студентам – гражданам РФ
В 2025 году заселение студентов 1 курса бакалавриата/специалитета будет осуществляться в соответствии с новым
Порядком предоставления мест в общежитиях НИУ ВШЭ
. Заселение студентов первого курса бакалавриата будет осуществляться в автоматическом режиме через Личный кабинет абитуриента.
После выхода приказа о зачислении распечатайте направление на заселение из Личного кабинета абитуриента (если в заявлении о приеме Вы указали на необходимость предоставления общежития).
В направлении на заселение указываются:
- дата заселения в общежитие;
- адрес общежития и номер комнаты;
- схема проезда;
-",keep
82,12,Пакет документов первокурсника НИУ ВШЭ-Москва — Справочник учебного процесса НИУ ВШЭ — Национальный исследовательский университет «Высшая школа экономики»,studyspravka_documents_dc7084283c.txt,https://www.hse.ru/studyspravka/documents,web,documents,9,"в заявлении о приеме Вы указали на необходимость предоставления общежития).
В направлении на заселение указываются:
- дата заселения в общежитие;
- адрес общежития и номер комнаты;
- схема проезда;
- контактное лицо, ответственное за заселение.
Заселение в общежитие бакалавров 1 курса будет проводиться в период с 28 по 30 августа 2025 г. в любой из этих дней.
Порядок заселения студентов бакалавриата доступен по
ссылке:
Заселение в общежитие магистров 1 курса будет проводиться в период с 30 по 31 августа 2025 г. в любой из этих дней.
Порядок заселения студентов магистратуры доступен по
При заселении в общежитие обязательно иметь следующие документы:
- паспорт (документ удостоверяющий личность);
- копию паспорта с регистрацией на одном листе;
- медицинскую справку об отсутствии противопоказаний для проживания в общежитии (форма 086у);
- сертификат о прививках;
- полис медицинского страхования.
Если в указанные сроки Вы не прибудете в общежитие, Ваше направление будет аннулировано
При возникновении вопросов обращайтесь на электронную почту: zaselenie@hse.ru
Иностранным студентам
Распределение мест для заселения в общежития НИУ ВШЭ осуществляется через Личный кабинет иностранного",keep
83,12,Пакет документов первокурсника НИУ ВШЭ-Москва — Справочник учебного процесса НИУ ВШЭ — Национальный исследовательский университет «Высшая школа экономики»,studyspravka_documents_dc7084283c.txt,https://www.hse.ru/studyspravka/documents,web,documents,10,"При возникновении вопросов обращайтесь на электронную почту: zaselenie@hse.ru
Иностранным студентам
Распределение мест для заселения в общежития НИУ ВШЭ осуществляется через Личный кабинет иностранного абитуриента.
Направление на заселение в общежитие университета будет направлено в Личный кабинет иностранного абитуриента(далее - ЛКИА), а так же на почту указанную при регистрации в ЛКИА.
Заселение в общежитие бакалавров и магистров начнется с 25.08.2025 при выполнении следующих условий:
поступающий лично посетил Приемную комиссию для иностранных граждан и подал оригиналы документов, необходимых для зачисления;
поступающий указал в ЛКИА о необходимости предоставления общежития;
приемной комиссией для иностранных граждан издан приказ о зачислении (с 25.08.2025)
направление на заселение в общежитие направлено в личный кабинет абитуриента и на почту (в день посещения приемной комиссии для иностранных граждан)
В направлении указывается: дата заселения в общежитие, адрес общежития и номер комнаты, схема проезда, контактное лицо ответственного за заселение.
Срок действия направления на заселение - 10 дней. Если в указанные сроки Вы не заселитесь в общежитие, направление будет",keep
84,12,Пакет документов первокурсника НИУ ВШЭ-Москва — Справочник учебного процесса НИУ ВШЭ — Национальный исследовательский университет «Высшая школа экономики»,studyspravka_documents_dc7084283c.txt,https://www.hse.ru/studyspravka/documents,web,documents,11,"ия и номер комнаты, схема проезда, контактное лицо ответственного за заселение.
Срок действия направления на заселение - 10 дней. Если в указанные сроки Вы не заселитесь в общежитие, направление будет аннулировано.
При заселении в общежитие обязательно также иметь следующие документы:
- паспорт иностранного гражданина;
- копию въездной визы (для иностранных граждан с визовым режимом въезда в РФ)
- миграционную карту, выданную при пересечении границы РФ;
- медицинскую справку или результаты медицинского освидетельствования, действительные на момент заселения; сертификат о профилактических прививках по форме № 156/у-93 (при наличии) или по форме Приложения № 8
Правил внутреннего распорядка студенческого общежития НИУ ВШЭ
полис добровольного медицинского страхования (ДМС), действующий натерритории РФ или полис обязательного медицинского страхования (ОМС) (при наличии).
При возникновении вопросов обращаться на электронную почту: zaselenie@hse.ru
Визово-миграционный учет (если Вы – иностранный студент)
Обязательные процедуры по медицинскому освидетельствованию, дактилоскопии и фотографированию для иностранных обучающихся
С 29.12.2021 вступили в силу изменения в Федеральный закон «О",keep
85,12,Пакет документов первокурсника НИУ ВШЭ-Москва — Справочник учебного процесса НИУ ВШЭ — Национальный исследовательский университет «Высшая школа экономики»,studyspravka_documents_dc7084283c.txt,https://www.hse.ru/studyspravka/documents,web,documents,12,"странный студент)
Обязательные процедуры по медицинскому освидетельствованию, дактилоскопии и фотографированию для иностранных обучающихся
С 29.12.2021 вступили в силу изменения в Федеральный закон «О правовом положении иностранных граждан в Российской Федерации». Новые положения устанавливают, что иностранные граждане, прибывающие в Россию на срок более 90 дней в т.ч. с целью обучения, должны проходить медицинское освидетельствование, дактилоскопическую регистрацию и фотографирование.
В отношении лиц, не прошедших установленные процедуры или прошедших их с нарушением срока, могут быть применены следующие санкции: административный штраф, сокращение срока пребывания иностранного гражданина в России.
В рамках договора о сотрудничестве с городской поликлиникой №5, иностранные студенты НИУ ВШЭ, поступившие на бюджетные места в рамках квоты Правительства Российской Федерации на обучение в 2024/25 учебном году, могут бесплатно пройти медицинское освидетельствование иностранных граждан в указанной поликлинике по предварительной записи. Порядок регистрации на мед. освидетельствование будет размещен на
сайте
Центра визово-миграционного сопровождения иностранных граждан НИУ ВШЭ.
Контакты",keep
86,12,Пакет документов первокурсника НИУ ВШЭ-Москва — Справочник учебного процесса НИУ ВШЭ — Национальный исследовательский университет «Высшая школа экономики»,studyspravka_documents_dc7084283c.txt,https://www.hse.ru/studyspravka/documents,web,documents,13,"указанной поликлинике по предварительной записи. Порядок регистрации на мед. освидетельствование будет размещен на
сайте
Центра визово-миграционного сопровождения иностранных граждан НИУ ВШЭ.
Контакты центра визово-миграционного сопровождения иностранных граждан
Адрес:
Москва, Покровский бульвар, д.11, корпус D, D007
Консультации предоставляются по
, либо на почте visa-registration@hse.ru.
Прием студентов ведется в помещении центра сервиса «Студент»
(для подачи и получения документов): с 10:00 до 18:00, понедельник – пятница по адресу Покровский бульвар, д.11, вход №5 (со стороны бульвара).
Телефон:
8 (495) 531-00-63 |
Электронная почта:
visa-registration@hse.ru |
Сайт:
Полезные ссылки
– в нем можно найти ответы на все вопросы об учебном процессе в Вышке.
разделе
Нашли
опечатку
Цифры и факты
Руководство и структура
Устойчивое развитие в НИУ ВШЭ
Преподаватели и сотрудники
Корпуса и общежития
Закупки
Обращения граждан в НИУ ВШЭ
Сведения о доходах, расходах, об имуществе и обязательствах имущественного характера
Лицей
Довузовская подготовка
Олимпиады
Прием в бакалавриат
Вышка+
Прием в магистратуру
Аспирантура
Образовательные партнерства
Научные подразделения
Исследовательские",keep
87,13,Перенос второй пересдачи дисциплины и ее повторное изучение — Справочник учебного процесса НИУ ВШЭ — Национальный исследовательский университет «Высшая школа экономики»,studyspravka_repeated_courses_e9699ed4e9.txt,https://www.hse.ru/studyspravka/repeated_courses,web,documents,1,"сдачах
. Таким образом, студент НИУ ВШЭ имеет три попытки сдать экзамен на удовлетворительную оценку: на основном экзамене, и затем на двух его пересдачах. Если академическая задолженность сохраняется после второй пересдачи (то есть снова получена неудовлетворительная оценка), студент подлежит
отчислению
, с возможностью
восстановиться
После получения неудовлетворительного результата на первой пересдаче студент может либо сразу идти на вторую пересдачу, либо запросить
возможность отложить эту вторую пересдачу
(третью последнюю возможность сдать экзамен) для повторного изучения дисциплины.
Если на первой пересдаче студент получил неудовлетворительную оценку, у него есть два варианта действий:
1. Сдавать экзамен в третий раз на второй пересдаче
Студент может принять участие во второй пересдаче экзамена в запланированную дату.
Если оценка на второй пересдаче (третья попытка сдачи экзамена) будет
удовлетворительной
— студент продолжает обучение.
Если оценка на второй пересдаче останется
неудовлетворительной
— студент подлежит
за невыполнение обязанностей по добросовестному освоению образовательной программы, после чего можно
в установленном порядке.
2. Отложить участие во второй",keep
88,13,Перенос второй пересдачи дисциплины и ее повторное изучение — Справочник учебного процесса НИУ ВШЭ — Национальный исследовательский университет «Высшая школа экономики»,studyspravka_repeated_courses_e9699ed4e9.txt,https://www.hse.ru/studyspravka/repeated_courses,web,documents,2,"ется
неудовлетворительной
— студент подлежит
за невыполнение обязанностей по добросовестному освоению образовательной программы, после чего можно
в установленном порядке.
2. Отложить участие во второй пересдаче
Студент может перенести вторую пересдачу (например, потому что низкая накопленная оценка, есть неуверенность в уровне подготовки). Таким правом могут воспользоваться те студенты, у кого по итогам первой пересдачи сохраняется задолженность не более, чем по двум дисциплинам.
Для этого необходимо:
Своевременно подать электронное заявление
""О переносе даты пересдачи дисциплины на комиссии и повторном изучении дисциплины""
Заключить Договор по части образовательной программы (в зависимости от категории студента, могут измениться условия обучения, включая переход на коммерческое место или необходимость доплаты).
Повторно изучить дисциплину: посещать лекции и семинары, выполнять все элементы текущего контроля.
Воспользоваться последней (третьей) возможностью сдать экзамен по этой дисциплине.
Порядок действий при переносе второй пересдачи
1. До наступления назначенной даты второй пересдачи (
не позднее двух календарных дней до даты проведения второй пересдачи
) электронное",keep
89,13,Перенос второй пересдачи дисциплины и ее повторное изучение — Справочник учебного процесса НИУ ВШЭ — Национальный исследовательский университет «Высшая школа экономики»,studyspravka_repeated_courses_e9699ed4e9.txt,https://www.hse.ru/studyspravka/repeated_courses,web,documents,3,"этой дисциплине.
Порядок действий при переносе второй пересдачи
1. До наступления назначенной даты второй пересдачи (
не позднее двух календарных дней до даты проведения второй пересдачи
) электронное заявление
через
форму
в едином личном кабинете;
2. Для повторного освоения дисциплины необходимо заключение Договора по части ОП на объем элементов обучения. Стоимость услуг по Договору по части ОП производится в соответствии с
Порядком расчета стоимости обучения по договорам об образовании за счет средств физического и (или) юридического лица при реализации программ высшего образования в НИУ ВШЭ
Детали предоставления повторного обучения в зависимости от категории студентов
Категория студента
Изменение условий обучения
Вид договора для повторного освоения
Коммерческий
(места по договорам об оказании платных образовательных услуг)
Без изменений
Договор по части ОП
Бюджетный
(места в рамках контрольных цифр приема граждан за счет бюджетных ассигнований федерального бюджета)
Переходит на коммерческое место
Отдельная категория
Один раз за весь период обучения Университете – без изменений
* Исключение: задолженность за невыбор ВКР
Договор по части ОП за счет средств НИУ ВШЭ
** Не",keep
90,13,Перенос второй пересдачи дисциплины и ее повторное изучение — Справочник учебного процесса НИУ ВШЭ — Национальный исследовательский университет «Высшая школа экономики»,studyspravka_repeated_courses_e9699ed4e9.txt,https://www.hse.ru/studyspravka/repeated_courses,web,documents,4,"дит на коммерческое место
Отдельная категория
Один раз за весь период обучения Университете – без изменений
* Исключение: задолженность за невыбор ВКР
Договор по части ОП за счет средств НИУ ВШЭ
** Не заключается при переносе второй пересдачи НЭ по ЦК и НЭ по АЯ
Памятка студентам по первой пересдаче для студентов НИУ ВШЭ Москва
Ниже представлены памятки студентам НИУ ВШЭ Москва, в которых собраны ключевые моменты по переносу третьей сдачи (второй пересдачи) и повторном изучении:
для всех студентов
для студентов отдельной категории
(действует c 01.09.2025)
Порядок расчета стоимости обучения по договорам об образовании за счет средств физического и (или) юридического лица при реализации программ высшего образования в НИУ ВШЭ
Нашли
опечатку
Цифры и факты
Руководство и структура
Устойчивое развитие в НИУ ВШЭ
Преподаватели и сотрудники
Корпуса и общежития
Закупки
Обращения граждан в НИУ ВШЭ
Сведения о доходах, расходах, об имуществе и обязательствах имущественного характера
Лицей
Довузовская подготовка
Олимпиады
Прием в бакалавриат
Вышка+
Прием в магистратуру
Аспирантура
Образовательные партнерства
Научные подразделения
Исследовательские проекты
Мониторинги
Диссертационные",keep
91,14,Отсутствие на экзаменах по уважительной причине — Справочник учебного процесса НИУ ВШЭ — Национальный исследовательский университет «Высшая школа экономики»,studyspravka_medcert_844abbbd1f.txt,https://www.hse.ru/studyspravka/medcert,web,documents,1,"ГИА
Обучение лиц с инвалидностью и ОВЗ
Академическим руководителям
Учебным, цифровым ассистентам и консультантам
Разработчикам новых образовательных программ НИУ ВШЭ
Отсутствие на экзаменах по уважительной причине
Навигация страницы
Какие причины считаются уважительными
Подтверждающие документы и сроки предоставления
Порядок предоставления документов
Часто задаваемые вопросы
Полезные ссылки
Центр сервиса «Студент»
Контроль знаний студентов
Показатель качества учебной деятельности (КУД)
Перенос второй пересдачи и повторное изучение
Академический отпуск
Отчисление
Причины, считающиеся уважительными
Уважительной причиной неявки на экзамен считаются болезнь, подтвержденная медицинской справкой
, а также другие уважительные причины. Чтобы причина была признана уважительной, необходимо
обязательно
верифицировать подтверждающие документы путем подачи заявки через электронный сервис.
К уважительным причинам
относятся обстоятельства, связанные с работой студента (служебные командировки, рабочее время).
* Медицинской справкой признается справка о временной нетрудоспособности студента в определенный период, выданная по утвержденной Минздравом России форме и в установленном порядке.",keep
92,14,Отсутствие на экзаменах по уважительной причине — Справочник учебного процесса НИУ ВШЭ — Национальный исследовательский университет «Высшая школа экономики»,studyspravka_medcert_844abbbd1f.txt,https://www.hse.ru/studyspravka/medcert,web,documents,2,"ки, рабочее время).
* Медицинской справкой признается справка о временной нетрудоспособности студента в определенный период, выданная по утвержденной Минздравом России форме и в установленном порядке. Университет имеет право проверить подлинность медицинской справки путем направления запроса в медицинскую организацию, выдавшую справку, копию которой предоставил студент. Иностранные студенты могут предоставить помимо указанного документа сведения и документы, выпущенные/выданные иностранными организациями. Документы не на русском языке, выданные иностранными организациями или полученные из иностранных источников, должны иметь нотариально заверенный перевод на русский.
Если вы не можете участвовать в экзамене по состоянию здоровья
1. Если вы не приступали к выполнению задания:
Если вы заболели раньше дня экзамена и не пришли на экзамен, можно не информировать преподавателя.
Если вы пришли на экзамен и плохо себя почувствовали, сообщите об этом преподавателю
до получения задания
В обоих случаях это будет зафиксированы в ведомости как «неявка». Если в течение 5 дней после даты экзамена или после выздоровления, если болезнь длилась дольше, учебный офис не получит уведомление о",keep
93,14,Отсутствие на экзаменах по уважительной причине — Справочник учебного процесса НИУ ВШЭ — Национальный исследовательский университет «Высшая школа экономики»,studyspravka_medcert_844abbbd1f.txt,https://www.hse.ru/studyspravka/medcert,web,documents,3,"В обоих случаях это будет зафиксированы в ведомости как «неявка». Если в течение 5 дней после даты экзамена или после выздоровления, если болезнь длилась дольше, учебный офис не получит уведомление о предоставлении справки через электронный сервис, пропуск будет зафиксирован как
неявка без уважительной причины
. Если студент был болен дольше срока сессии и уведомит об этом в течение 5 дней после выздоровления,
причина неявки будет изменена на уважительную
2. Если вы отказались продолжать выполнение задания после его получения:
Частично выполненная работа оценивается по установленным критериям.
Если работа не начата, выставляется оценка «0».
Если вы пропустили другой элемент контроля, не являющийся экзаменом, по состоянию здоровья
Отсутствие студента на элементе контроля, не относящемся к категории «экзамен», не анализируется на предмет наличия уважительных причин. При пропуске важных элементов контроля (контрольные работы, доклады, лабораторные работы, коллоквиумы, эссе, рефераты, тесты, которые весят
не менее 30% от итоговой оценки
), можно будет сдать их до начала сессии, даже если студент пропустил данный элемент контроля без уважительной причины. Условия сдачи пропущенных",keep
94,14,Отсутствие на экзаменах по уважительной причине — Справочник учебного процесса НИУ ВШЭ — Национальный исследовательский университет «Высшая школа экономики»,studyspravka_medcert_844abbbd1f.txt,https://www.hse.ru/studyspravka/medcert,web,documents,4,"ы, тесты, которые весят
не менее 30% от итоговой оценки
), можно будет сдать их до начала сессии, даже если студент пропустил данный элемент контроля без уважительной причины. Условия сдачи пропущенных элементов контроля должны быть определены в
программе учебной дисциплины
Подтвердить отсутствие на экзамене по уважительной причине
студентам НИУ ВШЭ
возможно через
электронный сервис
Центра сервиса «Студент»
не позднее 5 учебных дней
после даты выздоровления (если эта дата в соответствии с медицинской справкой находится за пределами 5 (пяти) учебных дней после даты экзамена) или пропуска
Порядок подачи заявки через электронный сервис
Медицинская справка:
Подается только через
сервис предоставления и верификации медицинских справок
не позднее 5 учебных дней после даты выздоровления, как правило, указанная в документе как
«приступить к занятиям»
Не предоставляется в учебный офис (копия или оригинал документа), и не принимается в случае предоставления после указанной даты.
Другие уважительные причины:
Подтверждаются документально путем подачи заявки через
Центра сервиса «Студент» в течение 5 учебных дней после неявки.
Решение о признании причины уважительной принимается после",keep
95,14,Отсутствие на экзаменах по уважительной причине — Справочник учебного процесса НИУ ВШЭ — Национальный исследовательский университет «Высшая школа экономики»,studyspravka_medcert_844abbbd1f.txt,https://www.hse.ru/studyspravka/medcert,web,documents,5,"уважительные причины:
Подтверждаются документально путем подачи заявки через
Центра сервиса «Студент» в течение 5 учебных дней после неявки.
Решение о признании причины уважительной принимается после верификации документов.
Полученные заявки обрабатываются сотрудниками Центра сервиса «Студент» и учебных офисов совместно. Заявка от студентов НИУ ВШЭ Москва проходит техническую экспертизу Центром и передается менеджеру образовательной программы для дальнейшей работы по процедуре признания причины неявки уважительной. Верификацию всех справок (запросы в поликлинику) осуществляет Центр централизованно.
Заявки, полученные от студентов кампусов НИУ ВШЭ, передаются для дальнейшего рассмотрения менеджеру образовательной программы.
Обязательна ли печать врача на бумажной справке 095/у?
Да, печать врача на справке по форме 095/у о временной нетрудоспособности студента является обязательным требованием.
Обоснование: справки на бумажном носителе оформляются с проставлением штампа медицинской организации или на бланке медицинской организации (при наличии), подписываются врачом (фельдшером, акушеркой), заверяются личной печатью врача и печатью медицинской организации (при наличии), на которой",keep
96,14,Отсутствие на экзаменах по уважительной причине — Справочник учебного процесса НИУ ВШЭ — Национальный исследовательский университет «Высшая школа экономики»,studyspravka_medcert_844abbbd1f.txt,https://www.hse.ru/studyspravka/medcert,web,documents,6,"рганизации или на бланке медицинской организации (при наличии), подписываются врачом (фельдшером, акушеркой), заверяются личной печатью врача и печатью медицинской организации (при наличии), на которой идентифицируется полное наименование медицинской организации в соответствии с учредительными документами (П.6 Порядка выдачи медицинскими организациями справок и медицинских заключений, утвержденного приказом Минздрава России от 14.09.2020 № 972н).
Можно ли предоставить больничный лист вместо справки по форме 095/у?
Нет, больничный лист не является документом, подтверждающим отсутствие в учебном заведении по уважительной причине.
Обоснование: листок временной нетрудоспособности (больничный лист) на сегодняшний день оформляется исключительно в электронной форме и направляется работодателю. Уважительность отсутствия студента на занятиях подтверждается медицинской справкой по форме 095/у.
ПОПАТКУС
также допускает представление только медицинской справки. При наличии больничного листа студент может оформить соответствующую справку и представить ее в НИУ ВШЭ.
Можно ли предоставить медицинское заключение вместо справки по форме 095/у для подтверждения отсутствия по уважительной причине",keep
97,14,Отсутствие на экзаменах по уважительной причине — Справочник учебного процесса НИУ ВШЭ — Национальный исследовательский университет «Высшая школа экономики»,studyspravka_medcert_844abbbd1f.txt,https://www.hse.ru/studyspravka/medcert,web,documents,7,"удент может оформить соответствующую справку и представить ее в НИУ ВШЭ.
Можно ли предоставить медицинское заключение вместо справки по форме 095/у для подтверждения отсутствия по уважительной причине если у организации отсутствует лицензия на выдачу справок?
Нет, такое заключение не является документом, подтверждающим уважительную причину отсутствия студента.
Обоснование: организация, которая не имеет лицензию на осуществление медицинской деятельности, не вправе оформлять медицинские заключения и выдавать справки.
Приходят ли в НИУ ВШЭ электронные медицинские документы?
Нет, не приходят. Студенту необходимо выгрузить медицинскую справку из системы ЕМИАС или Госуслуг для подачи заявки через электронный сервис.
Обоснование: НИУ ВШЭ на данный момент не получает электронные документы от медицинских учреждений.
Остались вопросы?
Напишите на почту
studcentre@hse.ru
Приказ Министерства здравоохранения Российской Федерации от 14.09.2020 № 972н ""Об утверждении Порядка выдачи медицинскими организациями справок и медицинских заключений""
Нашли
опечатку
Цифры и факты
Руководство и структура
Устойчивое развитие в НИУ ВШЭ
Преподаватели и сотрудники
Корпуса и общежития
Закупки
Обращения граждан",keep
98,16,Электронный студенческий билет — Справочник учебного процесса НИУ ВШЭ — Национальный исследовательский университет «Высшая школа экономики»,studyspravka_studbilet_ea09d37b1a.txt,https://www.hse.ru/studyspravka/studbilet,web,documents,1,"ГИА
Обучение лиц с инвалидностью и ОВЗ
Академическим руководителям
Учебным, цифровым ассистентам и консультантам
Разработчикам новых образовательных программ НИУ ВШЭ
Электронный студенческий билет
Цифровой студенческий билет — это электронная версия бумажного документа в приложении «Госуслуги», доступная в виде QR-кода. Он равнозначен бумажному документу и позволяет подтверждать статус студента для скидок или покупки льготных билетов.
Информация актуальна для студентов всех кампусов НИУ ВШЭ
Как найти электронный студбилет
Студенческий билет доступен:
в личном кабинете на Госуслугах
в виде QR-кода в приложении «Госуслуги»
Вы можете подтверждать статус студента онлайн, получать скидки или льготы, но эта функция действует только для определенных мест и учреждений. Уточните заранее там, куда собираетесь, можно ли использовать электронный студенческий билет.
QR-код в приложении
Откройте приложение «Госуслуги» → «Документы» → «Для предъявления» → «Все». Вы увидите все документы, для которых сформирован QR-код, и среди них будет студенческий билет.
Нажмите на карточку документа и QR-код появится на экране.
Студбилет недоступен
Это возможно по нескольким причинам:
при поступлении в НИУ",keep
99,17,Особенности учебного процесса в НИУ ВШЭ: Информация для ППС — Справочник учебного процесса НИУ ВШЭ — Национальный исследовательский университет «Высшая школа экономики»,studyspravka_pers_a3ce7d9553.txt,https://www.hse.ru/studyspravka/pers,web,documents,1,"ГИА
Обучение лиц с инвалидностью и ОВЗ
Академическим руководителям
Учебным, цифровым ассистентам и консультантам
Разработчикам новых образовательных программ НИУ ВШЭ
Особенности учебного процесса в НИУ ВШЭ: Информация для ППС
Справочник преподавателя НИУ ВШЭ
Как устроен учебный год
Особенности организации учебного процесса
Ежегодно в НИУ ВШЭ издаётся приказ, фиксирующий особенности планирования учебного процесса. В текущем учебном году это приказ
Приказ вводит в действие правила, порядки, регламенты и нормативы в соответствии с которыми осуществляется планирование и контроль за учебным процессом.
Приложение 1.
Приложение 2.
Приложение 3.
Приложение 4.
Приложение 5.
Также ежегодно издаётся приказ отражающий особенности планирования и организации непосредственно самих учебных занятий
Приказ на 2025/2026:
Приложение.
Регламент планирования, утверждения и публикации расписания учебных занятий в НИУ ВШЭ на 2025/2026 учебный год
Перечень учебных аудиторий, закрепленных за структурными подразделениями, реализующими ОП ВО, на 2025/2026 уч.г. с правом преимущественного использования
(DOCX, 28 Кб)
Подготовка к новому учебному году
СКАЧАТЬ ПАМЯТКУ
Модули
Учебный год в НИУ ВШЭ поделен на",keep
100,17,Особенности учебного процесса в НИУ ВШЭ: Информация для ППС — Справочник учебного процесса НИУ ВШЭ — Национальный исследовательский университет «Высшая школа экономики»,studyspravka_pers_a3ce7d9553.txt,https://www.hse.ru/studyspravka/pers,web,documents,2,"подразделениями, реализующими ОП ВО, на 2025/2026 уч.г. с правом преимущественного использования
(DOCX, 28 Кб)
Подготовка к новому учебному году
СКАЧАТЬ ПАМЯТКУ
Модули
Учебный год в НИУ ВШЭ поделен на четыре модуля, в конце каждого – сессия. У некоторых образовательных программ учебный год поделен на два семестра или три модуля (см.подробнее
график учебного процесса
Сессия
По окончании каждого из модулей предусмотрена сессия, во время которой экзамена по вашей дисциплине может и не быть, поскольку преподаватель определяет перечень элементов контроля самостоятельно. Самое главное во время сессии – это рассчитать и выставить оценку по промежуточной аттестации. Даты сессий также утверждены в
графике учебного процесса
Каникулы
В первые дни января сессия не предусмотрена, поскольку в это время у студентов НИУ ВШЭ каникулы.
Каникулы предоставляются три раза в год согласно
графику учебного процесса
Образовательные программы НИУ ВШЭ
Образовательные программы реализуются в НИУ ВШЭ по собственным образовательным стандартам (см. подробнее об
образовательных программах
Оценки
В Вышке принята десятибалльная система оценивания, существуют
таблицы ее соответствия
с пятибалльной шкалой и шкалой",keep
101,17,Особенности учебного процесса в НИУ ВШЭ: Информация для ППС — Справочник учебного процесса НИУ ВШЭ — Национальный исследовательский университет «Высшая школа экономики»,studyspravka_pers_a3ce7d9553.txt,https://www.hse.ru/studyspravka/pers,web,documents,3,"нным образовательным стандартам (см. подробнее об
образовательных программах
Оценки
В Вышке принята десятибалльная система оценивания, существуют
таблицы ее соответствия
с пятибалльной шкалой и шкалой системы перевода и накопления кредитов (Credit System). При оценивании текущих результатов студентов преподаватель имеет право использовать любую шкалу, но при выставлении оценок в ведомость он должен перевести их в 10‑балльную шкалу:
«Отлично» -
8-10
баллов;
«Хорошо» -
6-7
«Удовлетворительно» -
4-5
«Неудовлетворительно» -
0-3
балла.
Оценки «Отлично», «Хорошо», «Удовлетворительно» считаются положительными оценками.
Оценки «9» и «10» могут использоваться преподавателем в рамках текущего контроля или промежуточной аттестации, если обучающийся выполняет задания повышенной трудности и/или демонстрирует результаты обучения, превосходящие предусмотренные программой учебной дисциплины или программой практики.
Важно:
Порядок и система оценивания, а также другие характеристики дисциплины, обязательно прописываются преподавателем в
Программе учебной дисциплины
(ПУД), составляемой в Конструкторе ПУД, а также озвучиваются студентам на первом занятии по дисциплине.
Неудовлетворительная оценка по",keep
102,17,Особенности учебного процесса в НИУ ВШЭ: Информация для ППС — Справочник учебного процесса НИУ ВШЭ — Национальный исследовательский университет «Высшая школа экономики»,studyspravka_pers_a3ce7d9553.txt,https://www.hse.ru/studyspravka/pers,web,documents,4,"ельно прописываются преподавателем в
Программе учебной дисциплины
(ПУД), составляемой в Конструкторе ПУД, а также озвучиваются студентам на первом занятии по дисциплине.
Неудовлетворительная оценка по элементу контроля по дисциплине не может быть причиной недопуска студента к следующим элементам контроля (включая экзамены) по этой дисциплине, проводимым до окончания ближайшей сессии, в которую предусмотрена промежуточная аттестация.
Программа учебной дисциплины (ПУД)
Этот документ фактически является договором преподавателя со студентами о том, для чего, чему и как он будет учить их на занятиях. ПУД описывает цели и планируемые результаты, содержание учебного курса (темы, рекомендуемую литературу) и порядок работы со студентами (формы занятий, принципы выставления оценок). Структура программы жестко задана специальным рабочим документом Вышки (
подробнее о ПУД
Рабочая программа курса разрабатывается преподавателем (группой преподавателей), одобряется департаментом, на котором работает преподаватель и утверждается академическим советом образовательной программы, в учебный план которой включена Ваша дисциплина. Дисциплины общего цикла,
майноры
МагоЛего
общеуниверситетские",keep
103,17,Особенности учебного процесса в НИУ ВШЭ: Информация для ППС — Справочник учебного процесса НИУ ВШЭ — Национальный исследовательский университет «Высшая школа экономики»,studyspravka_pers_a3ce7d9553.txt,https://www.hse.ru/studyspravka/pers,web,documents,5,"ом работает преподаватель и утверждается академическим советом образовательной программы, в учебный план которой включена Ваша дисциплина. Дисциплины общего цикла,
майноры
МагоЛего
общеуниверситетские факультативы
утверждаются на заседании департамента. Если ПУД плохого качества, то ее могут не утвердить. Это означает, что ее нельзя будет использовать. РПУД подлежит актуализации как по инициативе разработчика, так и по инициативе академического руководителя/ совета образовательной программы, в учебный план которой входит учебная дисциплина (в т.ч. по итогам студенческой оценки преподавания).
Преподаватель имеет право регулярно — вне связи с формальными сроками ее утверждения — обновлять программу курса по мере развития предметной области (появления новой литературы, смещения актуальных акцентов и пр.). Актуализация РПУД не требует ее переутверждения до окончания срока действия, если изменения затрагивают до 30% текста.
Если вносимых изменений больше 30 %
(значительно меняются элементы контроля и критерии оценивания дисциплины, или добавляется/исключается значительное количество разделов дисциплины),
тогда РПУД должна быть утверждена, как новая программа.
Все программы дисциплин",keep
104,17,Особенности учебного процесса в НИУ ВШЭ: Информация для ППС — Справочник учебного процесса НИУ ВШЭ — Национальный исследовательский университет «Высшая школа экономики»,studyspravka_pers_a3ce7d9553.txt,https://www.hse.ru/studyspravka/pers,web,documents,6,"нты контроля и критерии оценивания дисциплины, или добавляется/исключается значительное количество разделов дисциплины),
тогда РПУД должна быть утверждена, как новая программа.
Все программы дисциплин размещаются в открытом доступе на сайте ВШЭ:
Полная и утвержденнаярабочая программа учебной дисциплины должна быть размещена на портале не позднее, чем за 5 дней до начала модуля, в котором она начинается. Для некоторых дисциплин установлены более ранние сроки размещения программ и аннотаций (подробнее об этом см.:
Преподаватель отвечает за наличие и качество программ учебных курсов, размещенных на сайте ВШЭ.
Документы к разделу
Положение о программе учебной дисциплины образовательных программ высшего образования - программ бакалавриата, специалитета, магистратуры НИУ ВШЭ
Межкампусные дисциплины
Дисциплины, доступные для освоения студентам из разных кампусов НИУ ВШЭ (НИУ ВШЭ (г. Москва) и его филиалы) и реализуемые с использованием дистанционных технологий называются
межкампусными
. Межкампусные курсы позволяют студентам из разных городов учиться одновременно у одного или нескольких преподавателей. Количество таких дисциплин достигало - более четверти всех курсов Вышки.
Для",keep
105,17,Особенности учебного процесса в НИУ ВШЭ: Информация для ППС — Справочник учебного процесса НИУ ВШЭ — Национальный исследовательский университет «Высшая школа экономики»,studyspravka_pers_a3ce7d9553.txt,https://www.hse.ru/studyspravka/pers,web,documents,7,"ыми
. Межкампусные курсы позволяют студентам из разных городов учиться одновременно у одного или нескольких преподавателей. Количество таких дисциплин достигало - более четверти всех курсов Вышки.
Для реализации таких дисциплин используются дистанционные технологии (как синхронные, так и асинхронные).
Синхронный формат
предполагает взаимодействие с преподавателем в режиме реального времени, в то время как
асинхронный формат
подразумевает самостоятельное изучение студентом ранее записанных материалов в удобное для него время.
Элементы контроля
Виды элементов контроля
Элементы контроля могут проводиться с применением дистанционных технологий и прокторинга как во время контактной работы с преподавателем (синхронный элемент контроля), так и во время самостоятельной работы студентов (асинхронный элемент контроля), в том числе и с автоматической оценкой результатов (смешанный элемент контроля). К ним могут относиться домашние задания, контрольные и самостоятельные работы, эссе, лабораторные работы, курсовые, проекты, экзамены и другие формы, которые указываются в программе учебной дисциплины.
Синхронные элементы контроля
, проводимые не в сессию, планируются в соответствии с текущим",keep
106,17,Особенности учебного процесса в НИУ ВШЭ: Информация для ППС — Справочник учебного процесса НИУ ВШЭ — Национальный исследовательский университет «Высшая школа экономики»,studyspravka_pers_a3ce7d9553.txt,https://www.hse.ru/studyspravka/pers,web,documents,8,"рные работы, курсовые, проекты, экзамены и другие формы, которые указываются в программе учебной дисциплины.
Синхронные элементы контроля
, проводимые не в сессию, планируются в соответствии с текущим расписанием.
Продолжительность
устного Элемента контроля
, проводимого не в период сессии, не может превышать одну пару для каждого студента.
Оценки за Элементы контроля могут иметь разный «вес» внутри промежуточной оценки, но ни одна оценка по элементу контроля не должна весить более 70%.
Особые виды Элементов контроля
Блокирующий Элемент контроля
- при получении неудовлетворительной оценки по блокирующему элементу контроля промежуточная оценка в целом/результат части формулы расчета промежуточной оценки будет равна оценке по блокирующему элементу контроля (до получения студентом положительной оценки по блокирующему элементу контроля).
Элемент контроля имеет вес не менее 30%
- программа дисциплины в обязательном порядке должна предусматривать возможность второй сдачи такого Элемента контроля для студентов, пропустивших его по уважительной причине.
Элемент контроля, который не подлежит пересдаче
- не подлежат пересдаче те элементы контроля, повторить которые невозможно. К таким",keep
107,17,Особенности учебного процесса в НИУ ВШЭ: Информация для ППС — Справочник учебного процесса НИУ ВШЭ — Национальный исследовательский университет «Высшая школа экономики»,studyspravka_pers_a3ce7d9553.txt,https://www.hse.ru/studyspravka/pers,web,documents,9,"та контроля для студентов, пропустивших его по уважительной причине.
Элемент контроля, который не подлежит пересдаче
- не подлежат пересдаче те элементы контроля, повторить которые невозможно. К таким элементам контроля относятся участие в дискуссии на семинаре, решение кейса в определенный момент, посещаемость и прочее.
Экзамены
Экзамен – последний Элемент контроля
по дисциплине, проводимый в период сессии либо в течение 10 дней до сессии. Экзамены в НИУ ВШЭ преимущественно письменные, но на Ваше усмотрение или по инициативе департамента они могут быть устными.
Студенты не должны сдавать более одного экзамена в день, а сам
экзамен не может длиться более 4 академических часов
Дисциплина может не предусматривать экзамен, но рассчитать и выставить оценку по промежуточной аттестации Вы обязаны. Решение о проведении экзамена Вы должны принять до начала чтения курса и зафиксировать его в программе учебной дисциплины.
Если экзамен проводится в
письменной форме
, то
после проверки
работы Вы должны рассчитать
оценку по промежуточной аттестации
. Если экзамен проводится в
устной форме
Вы вправе сообщить оценку после окончания ответа
(если методика оценивания не предусматривает",keep
108,17,Особенности учебного процесса в НИУ ВШЭ: Информация для ППС — Справочник учебного процесса НИУ ВШЭ — Национальный исследовательский университет «Высшая школа экономики»,studyspravka_pers_a3ce7d9553.txt,https://www.hse.ru/studyspravka/pers,web,documents,10,"ки
работы Вы должны рассчитать
оценку по промежуточной аттестации
. Если экзамен проводится в
устной форме
Вы вправе сообщить оценку после окончания ответа
(если методика оценивания не предусматривает дополнительное время на расчет оценки).
Зачеты
В НИУ ВШЭ зачетов нет, за редким исключением. Они предусмотрены по проектной деятельности, трудоемкость которой менее 3 зачетных единиц, а также по дисциплине «Физическая культура»
Ведомости
Рабочая ведомость
В ходе чтения курса преподаватель обязаны фиксировать результаты студентов по Элементам текущего контроля в своей рабочей ведомости. Ее удобно вести в Цифровой учебной среде (SmartLMS).
Форму рабочей ведомости преподаватель может разработать самостоятельно (если форма рабочей ведомости не установлена департаментом) и обязан хранить заполненную рабочую ведомость в течение трех месяцев после завершения промежуточной аттестации.
Ведомость промежуточной аттестации
Результаты промежуточной аттестации фиксируются в ведомости промежуточной аттестации, которую формирует учебный офис образовательной программы перед проведением экзамена.
Заполнение ведомостей преподавателями осуществляется с помощью
сервиса электронных ведомостей
(СЭВ).",keep
109,17,Особенности учебного процесса в НИУ ВШЭ: Информация для ППС — Справочник учебного процесса НИУ ВШЭ — Национальный исследовательский университет «Высшая школа экономики»,studyspravka_pers_a3ce7d9553.txt,https://www.hse.ru/studyspravka/pers,web,documents,11,"ой аттестации, которую формирует учебный офис образовательной программы перед проведением экзамена.
Заполнение ведомостей преподавателями осуществляется с помощью
сервиса электронных ведомостей
(СЭВ). Сервис позволяет отказаться от использования бумажных ведомостей. Обмен данными между преподавателем, менеджерами образовательных программ и департаментамов осуществляется в онлайн формате, при этом защита информации обеспечивается использованием простой цифровой подписи на этапах формирования и утверждения документов. Доступ к сервису осуществляется с личной страницы
Заполнение ведомости промежуточной аттестации
Оценка по дисциплине* выставляется в ведомости промежуточной аттестации в виде выбора числового значения по 10‑ти балльной шкале, которая подписывается простой электронной подписью
не позднее 5 рабочих дней после окончания сессии
Если студент получает
«автомат»
, то выставляется максимальный балл.
Если
студент не пришел на экзамен
, то его оценка за экзамен будет равна «0». В таком случае Вам необходимо рассчитать и выставить оценку по промежуточной аттестации в ведомость (с учетом оценки «0» за экзамен), а также сделать в ведомости пометку о неявке. Студент, пропустивший",keep
110,17,Особенности учебного процесса в НИУ ВШЭ: Информация для ППС — Справочник учебного процесса НИУ ВШЭ — Национальный исследовательский университет «Высшая школа экономики»,studyspravka_pers_a3ce7d9553.txt,https://www.hse.ru/studyspravka/pers,web,documents,12,"таком случае Вам необходимо рассчитать и выставить оценку по промежуточной аттестации в ведомость (с учетом оценки «0» за экзамен), а также сделать в ведомости пометку о неявке. Студент, пропустивший экзамен по уважительной причине, сможет сдать его в период пересдач. После, оценка по промежуточной аттестации будет пересчитана с учетом полученной оценки за экзамен.
*Ведомости по КР, ВКР и практикам заполняются в бумажном виде.
Требования к соблюдению академических норм студентами
Соблюдение академических норм
Преподаватель должен стремиться к созданию образовательной атмосферы, исключающей нарушение академических норм со стороны студентов.
В НИУ ВШЭ
не допускаются
: списывание, двойная сдача письменных работ, плагиат, подлоги, фабрикация данных и результатов работы, а также незадекларирование использование генеративных моделей.
За нарушение академических норм при выполнении письменных учебных работ или при подготовке к ответу во время устного экзамена (опроса) студенты могут быть подвергнуты дисциплинарному взысканию —
от замечания
и неудовлетворительной оценки
до отчисления
Если преподаватель обнаружил в работе студента одно из перечисленных нарушений, он обязан поставить ему",keep
111,17,Особенности учебного процесса в НИУ ВШЭ: Информация для ППС — Справочник учебного процесса НИУ ВШЭ — Национальный исследовательский университет «Высшая школа экономики»,studyspravka_pers_a3ce7d9553.txt,https://www.hse.ru/studyspravka/pers,web,documents,13,"подвергнуты дисциплинарному взысканию —
от замечания
и неудовлетворительной оценки
до отчисления
Если преподаватель обнаружил в работе студента одно из перечисленных нарушений, он обязан поставить ему оценку «0» (неудовлетворительно) и уведомить о произошедшем декана факультета, на образовательной программе которого обучается студент, направив служебную записку.
В случае списывания преподаватель имеет право поставить оценку «0» (неудовлетворительно) и тому студенту, который намеренно предоставил свой текст для списывания.
Использование технологий искусственного интеллекта
В НИУ ВШЭ нет запрета на использование технологий искусственного интеллекта в учебном процессе. Однако применение таких технологий должно осуществляться с соблюдением
Декларации этических принципов использования искусственного интеллекта
, федеральных и локальных нормативных актов.
Проверка работ на наличие заимствований
Курсовые и выпускные квалификационные работы, выполненные на русском языке, в обязательном порядке проверяются на наличие в них плагиата при помощи системы
«Антиплагиат»
Загрузка итоговых файлов студенческих работ для обязательной проверки на наличие заимствований в тексте осуществляется",keep
112,17,Особенности учебного процесса в НИУ ВШЭ: Информация для ППС — Справочник учебного процесса НИУ ВШЭ — Национальный исследовательский университет «Высшая школа экономики»,studyspravka_pers_a3ce7d9553.txt,https://www.hse.ru/studyspravka/pers,web,documents,14,"ном порядке проверяются на наличие в них плагиата при помощи системы
«Антиплагиат»
Загрузка итоговых файлов студенческих работ для обязательной проверки на наличие заимствований в тексте осуществляется студентом самостоятельно через систему LMS НИУ ВШЭ. Форма загрузки становится активной для студента при внесении в систему АСАВ утвержденных тем сотрудниками учебного офиса образовательной программы. Инструкция по загрузке работ студентами размещена по
ссылке
Подтверждением загрузки
студентом работы на проверку процента заимствований
является формирование QR-кода
Для просмотра полного текста загруженной работы, а также просмотра детального отчета из системы «Антиплагиат.ВУЗ» с указанием заимствований необходимо использовать мобильный гаджет с доступом в интернет и предустановленным мобильным приложением для считывания QR-кодов.
Студенты могут использовать технологии генеративных моделей (текста, программного кода, изображения и прочее) в процессе выполнения учебных работ (письменных или устных) с обязательным указанием их использования и описанием этого:
При загрузке
курсовых
выпускных квалификационных
работ в общеуниверситетские сервисы, студент обязан заявить о целях",keep
113,17,Особенности учебного процесса в НИУ ВШЭ: Информация для ППС — Справочник учебного процесса НИУ ВШЭ — Национальный исследовательский университет «Высшая школа экономики»,studyspravka_pers_a3ce7d9553.txt,https://www.hse.ru/studyspravka/pers,web,documents,15,"письменных или устных) с обязательным указанием их использования и описанием этого:
При загрузке
курсовых
выпускных квалификационных
работ в общеуниверситетские сервисы, студент обязан заявить о целях использования ИИ с указанием конкретной технологии и оценки успешности ее применения — соответствующие изменения в интерфейсах загрузки уже появились. Подробнее — в
Инструкции по загрузке работ
В иных видах учебных работ студенты должны описать, как они использовали искусственный интеллект, во введении или в заключении своей работы. Преподаватель может поставить оценку “0” за работу, в которой он усматривает признаки применения ИИ без отдельного уведомления студента об этом в своей работе. Либо, если использование ИИ было явно запрещено преподавателем. Подробнее о проверке студенческих работ на плагиат — в
статье Справочника учебного процесса НИУ ВШЭ
Использование генеративных моделей без указания на это установленным образом является нарушением академических норм. Применяемая в НИУ ВШЭ система проверки работ на недопустимые заимствования уже использует плагин для распознавания сгенерированных текстов.
По вопросам доступа к системе необходимо обращаться на
линию технической",keep
114,17,Особенности учебного процесса в НИУ ВШЭ: Информация для ППС — Справочник учебного процесса НИУ ВШЭ — Национальный исследовательский университет «Высшая школа экономики»,studyspravka_pers_a3ce7d9553.txt,https://www.hse.ru/studyspravka/pers,web,documents,16,"в НИУ ВШЭ система проверки работ на недопустимые заимствования уже использует плагин для распознавания сгенерированных текстов.
По вопросам доступа к системе необходимо обращаться на
линию технической поддержки
или к сотрудникам центра сервиса
""Департамент""
Сотрудник НИУ ВШЭ также может проверить работу на наличие заимствований подав
заявку
через Единый личный кабинет.
Апелляция
Студент может подать апелляцию на результаты блокирующих элементов контроля и (или) экзаменов, при этом апелляция в связи с неудовлетворенностью оценкой не принимается.
Основаниями для подачи апелляции могут быть некорректность в постановке вопросов, ошибки в формулировках задач и тестовых заданий, нарушение процедуры проведения элемента контроля или методики выставления оценки за работу, а также обстоятельства, которые помешали преподавателю объективно оценить работу. Конкретные основания для апелляции должны быть обязательно отражены в заявлении.
Апелляционная комиссия проводит заседание в присутствии студента и преподавателя
, принимавшего элемент контроля или его пересдачу. На заседании также может присутствовать один представитель Студенческого совета факультета, на котором обучается",keep
115,17,Особенности учебного процесса в НИУ ВШЭ: Информация для ППС — Справочник учебного процесса НИУ ВШЭ — Национальный исследовательский университет «Высшая школа экономики»,studyspravka_pers_a3ce7d9553.txt,https://www.hse.ru/studyspravka/pers,web,documents,17,"присутствии студента и преподавателя
, принимавшего элемент контроля или его пересдачу. На заседании также может присутствовать один представитель Студенческого совета факультета, на котором обучается студент/Студенческого совета университета (при отсутствии Студенческого совета факультета)/Студенческого совета филиала (для студентов филиалов НИУ ВШЭ) по предварительному согласованию с председателем апелляционной комиссии.
Неявка студента и (или) преподавателя, принимавшего блокирующий Элемент контроля или его пересдачу, не препятствует рассмотрению апелляции.
Если апелляция удовлетворена, студенту предоставляется возможность повторной сдачи или пересдачи блокирующего элемента контроля. Если блокирующий элемент контроля проводился письменно и характер заданий и ответов в такой работе позволяет выставить новую оценку, то по результатам апелляции студенту выставляется обновленная оценка.
Пересдачи
В НИУ ВШЭ не разрешается пересдавать положительные оценки с целью их повышения, поэтому пересдаче подлежат только оценки ниже «4».
Пересдачи проводятся в строго отведенное для этого время:
после 2 модуля
- с 10 января до 15 февраля;
после 4 модуля
- с 1 сентября будущего учебного года до",keep
116,17,Особенности учебного процесса в НИУ ВШЭ: Информация для ППС — Справочник учебного процесса НИУ ВШЭ — Национальный исследовательский университет «Высшая школа экономики»,studyspravka_pers_a3ce7d9553.txt,https://www.hse.ru/studyspravka/pers,web,documents,18,"пересдаче подлежат только оценки ниже «4».
Пересдачи проводятся в строго отведенное для этого время:
после 2 модуля
- с 10 января до 15 февраля;
после 4 модуля
- с 1 сентября будущего учебного года до 15 октября.
В другое время проводить пересдачи категорически запрещено.
Студент имеет право на две пересдачи:
Первая пересдача
проводится точно
в таком же формате
, как и сам элемент контроля.
Вторая пересдача
принимается комиссией
из трех или более преподавателей.
В комиссию обязательно включается преподаватель, который принимал экзамен у студента первый раз.
Процедура второй пересдачи проводится по контрольно-измерительным материалам для пересдач, разработанным председателем комиссии.
Зачетная книжка студента
Преподаватель выставляет оценки студентов в электронную ведомость, после подписания которой оценки автоматически заносятся в систему хранения результатов обучения и становятся доступны студенту в их
электронной зачетной книжке
. Бумажных зачеток в НИУ ВШЭ нет.
Если Вам интересно, как учится тот или иной студент, Вы можете получить информацию о его успеваемости в модуле «Портфолио студента».
Рейтинг студентов
В Вышке существует рейтинговая система оценки уровня знаний",keep
117,17,Особенности учебного процесса в НИУ ВШЭ: Информация для ППС — Справочник учебного процесса НИУ ВШЭ — Национальный исследовательский университет «Высшая школа экономики»,studyspravka_pers_a3ce7d9553.txt,https://www.hse.ru/studyspravka/pers,web,documents,19,"нтересно, как учится тот или иной студент, Вы можете получить информацию о его успеваемости в модуле «Портфолио студента».
Рейтинг студентов
В Вышке существует рейтинговая система оценки уровня знаний студентов, которая предполагает два вида рейтинга – текущий (за полгода) и кумулятивный (по итогам всей учебы студента с момента поступления). Рейтинги находятся в открытом доступе на сайтах образовательных программ (например:
Рейтинг отражает за определенный промежуток времени относительную успеваемость студентов обучающихся на одном курсе одной обра­зовательной программы.
По итогам рейтинга студенты получают определенные привилегии на следующий год (например, скидку по оплате обучения, если студент учится на платном месте). Место в рейтинге также может повлиять на возможность перехода с платного места обучения на бесплатное.
Нашли
опечатку
Цифры и факты
Руководство и структура
Устойчивое развитие в НИУ ВШЭ
Преподаватели и сотрудники
Корпуса и общежития
Закупки
Обращения граждан в НИУ ВШЭ
Сведения о доходах, расходах, об имуществе и обязательствах имущественного характера
Лицей
Довузовская подготовка
Олимпиады
Прием в бакалавриат
Вышка+
Прием в",keep
118,19,Программа учебной дисциплины (ПУД): Информация для ППС — Справочник учебного процесса НИУ ВШЭ — Национальный исследовательский университет «Высшая школа экономики»,studyspravka_programmauchdisc_4600fbad7f.txt,https://www.hse.ru/studyspravka/programmauchdisc,web,documents,1,"ГИА
Обучение лиц с инвалидностью и ОВЗ
Академическим руководителям
Учебным, цифровым ассистентам и консультантам
Разработчикам новых образовательных программ НИУ ВШЭ
Программа учебной дисциплины (ПУД): Информация для ППС
Справочник преподавателя НИУ ВШЭ
Программа учебной дисциплины (ПУД)
Программа учебной дисциплины – нормативный документ, в котором определяется содержание и структура учебной дисциплины, ее место и значение в системе подготовки студента, цели ее изучения и формы организации обучения и контроля.
ПУД регламентирует четкие правила взаимодействия со студентом, и отражает формы контроля, примеры к ним и дополнительные регламенты. С ее помощью вы информируете студентов об основных характеристиках дисциплины.
На первом занятии по дисциплине
преподаватель обязательно оповещает студентов об основных характеристиках дисциплины и рассказывает, где можно ознакомиться с программой учебной дисциплины.
Программа учебной дисциплины должна описывать:
цели и планируемые результаты обучения
содержание учебного курса
порядок работы со студентами
темы
рекомендуемую литературу
формы занятий и принципы выставления оценок.
Как создается и как актуализируется программа учебной",keep
119,19,Программа учебной дисциплины (ПУД): Информация для ППС — Справочник учебного процесса НИУ ВШЭ — Национальный исследовательский университет «Высшая школа экономики»,studyspravka_programmauchdisc_4600fbad7f.txt,https://www.hse.ru/studyspravka/programmauchdisc,web,documents,2,"ультаты обучения
содержание учебного курса
порядок работы со студентами
темы
рекомендуемую литературу
формы занятий и принципы выставления оценок.
Как создается и как актуализируется программа учебной дисциплины?
Формирование программы учебной дисциплины осуществляется в специальном модуле
Конструктор ПУД 2.0
Заполненная и утвержденная программа дисциплины должна быть размещена на портале
не позднее 5 дней до начала модуля
, в котором она будет реализована.
Преподаватель несет ответственность за наличие и качество программ учебных дисциплин, размещенных в открытом доступе на
сайте НИУ ВШЭ
Мониторинг качества и сроков подготовки ПУД осуществляется сотрудниками центра сервиса “Департамент”. Результаты мониторинга будут учитываться при прохождении конкурса ППС.
На что следует обратить внимание при разработке программы учебной дисциплины?
Совокупный вес Элементов контроля, повторить которые невозможно, не может превышать 30 % в оценке за промежуточную аттестацию.
При формировании ПУД рекомендуем ознакомиться со следующими материалами:
Положение о программе учебной дисциплины образовательных программ высшего образования – программ бакалавриата, специалитета, магистратуры НИУ",keep
120,22,Заказ аудиторий и техники для проведения занятий и мероприятий — Справочник учебного процесса НИУ ВШЭ — Национальный исследовательский университет «Высшая школа экономики»,studyspravka_zakaz_bb4afd685b.txt,https://www.hse.ru/studyspravka/zakaz,web,documents,1,"ГИА
Обучение лиц с инвалидностью и ОВЗ
Академическим руководителям
Учебным, цифровым ассистентам и консультантам
Разработчикам новых образовательных программ НИУ ВШЭ
Заказ аудиторий и техники для проведения занятий и мероприятий
Вопросами бронирования аудиторий и компьютерных классов для проведения учебных занятий и мероприятий вне учебного плана
в корпусах НИУ ВШЭ занимаются ответственные сотрудники факультетов, располагающихся в корпусе.
Общими вопросами аудиторного фонда, расписаниями дисциплин общеуниверситетских ПУЛов (ОУФ, майноры, МАГОЛЕГО, ДОЦ свободного выбора), бронированием аудиторий для общеуниверситетских мероприятий, требующих отмены занятий, занимаются менеджеры
Центра сервиса ""Департамент""
Дирекции основных образовательных программ.
Бронирование аудитории возможно путём направления запроса на почту ""Заявка на аудитории Центральная диспетчерская""
zayvka_aud@hse.ru
Специализированные помещения (переговорные) заказываются через
администрации зданий
В НИУ ВШЭ мультимедийная техника установлена стационарно практически во всех учебных аудиториях. Дополнительную технику или сопровождение мероприятия возможно осуществить
Специализированные аудитории
Специализированные",keep
121,22,Заказ аудиторий и техники для проведения занятий и мероприятий — Справочник учебного процесса НИУ ВШЭ — Национальный исследовательский университет «Высшая школа экономики»,studyspravka_zakaz_bb4afd685b.txt,https://www.hse.ru/studyspravka/zakaz,web,documents,2,"дийная техника установлена стационарно практически во всех учебных аудиториях. Дополнительную технику или сопровождение мероприятия возможно осуществить
Специализированные аудитории
Специализированные аудитории - аудитории, оснащенные специализированным оборудованием для организации учебных занятий с использованием дистанционных технологий
Список специализированных аудиторий
Варианты оснащения специализированных аудиторий
Как забронировать аудиторию
Для занятий по расписанию
Если у Вас имеются определенные требования к аудитории (расположение столов, доски, наличие интернета, компьютеров, интерактивной доски и т.д.), то за 2 недели до начала модуля необходимо предупредить ответственного за формирование расписания на факультете о ваших потребностях
Для мероприятий вне расписания
Если при проведении мероприятия Вам потребуется ноутбук, проектор, колонки или подключение к интернету, то не позже чем за 3 дня до даты проведения занятия Вам необходимо отправить заявку ответственному лицу в соответствии с таблицей ниже.
Бланк заявки на выделение аудиторий и компьютерных классов
Контактная информация
Корпус
Факультет
Бронирование аудиторий, компьютерных классов, выдача техники
Кластер",keep
122,22,Заказ аудиторий и техники для проведения занятий и мероприятий — Справочник учебного процесса НИУ ВШЭ — Национальный исследовательский университет «Высшая школа экономики»,studyspravka_zakaz_bb4afd685b.txt,https://www.hse.ru/studyspravka/zakaz,web,documents,3,"ru
В глобальном списке адресов – Заявка Мясницкая 20 аудитории, компьютерные классы, проекторы
Телефоны: (495)772-95-90 *22822 Греков Виктор Евгеньевич, *12447 Артамонова Людмила Ивановна
Аудитории №№ 311, 309, 300, 327-к заказываются отдельно согласно регламенту:
Регламент предоставления зала заседаний, профессорского клуба, переговорной (ул.Мясницкая, д.20, д.11, Кривоколенный пер., д.3а)
Выдача техники и ключей от компьютерных классов: комн.442;
Телефоны: (495)772-95-90 * 22822, 12447
Кластер ""Мясницкая"" (Мясницкая ул., д.11)
Крючкова Людмила Владимировна, Сысуйкина Ольга Ивановна
E-mail: zayvkamyasn11@hse.ru
В глобальном списке адресов – Заявка Мясницкая 9/11 на аудитории, компьютерные классы, проекторы
Телефон: (495) 772-95-90 *12021
Конференц-зал (аудитория № 518) заказываются отдельно согласно регламенту:
Выдача техники и ключей от компьютерных классов: комн.418,
Кластер ""Шаболовка""
(Шаболовка, 26-28)
Высшая школа бизнеса
Логвинова Надежда Олеговна, e-mail: nologvinova@hse.ru
Телефон: (495) 772-95-90 *22214
Выдача ключей от компьютерных классов: комн. 3213
Б.Трехсвятительский пер., д.3)
Факультет права
Суворова Татьяна Николаевна
, E-mail:
tsuvorova@hse.ru
Телефон: (495)",keep
123,22,Заказ аудиторий и техники для проведения занятий и мероприятий — Справочник учебного процесса НИУ ВШЭ — Национальный исследовательский университет «Высшая школа экономики»,studyspravka_zakaz_bb4afd685b.txt,https://www.hse.ru/studyspravka/zakaz,web,documents,4,"оры
Телефон: (495) 772-95-90*22-679
Выдача техники и ключей от компьютерных классов:
корп.А и Л - комн.308 Телефон: (495) 772-95-90*22-679,
корп.В - комн.В-204.
Кластер ""Ордынка""
(М.Ордынка ул., д.17, д.29,
Б.Ордынка ул., 47/7 стр.1,2
Факультет мировой экономики и мировой политики
Зорникова Елена Николаевна - диспетчер Факультета мировой экономики и мировой политики (Б.Ордынка, д.47/7)
Телефоны: 8-495-772-95-90*22925
Выдача техники: осуществляется дежурными администраторами в здании на цокольном этаже, с записью в специальном журнале. Необходимо предварительно отправить заявку ответственным за бронирование
(Армянский пер., д.4)
Отдел координации учебного процесса ФСН
(Хитровский пер, 2/8 к.5)
Бронирование аудиторий и компьютерных классов: Кремнева Оксана Дмитриевна, диспетчер Отдела учебного сопровождения учебного процесса в бакалавриате, образовательная программа ""Журналистика"" Факультета коммуникаций, медиа и дизайна, внутр. тел.: 22415, okremneva@hse.ru, комната 314 в здании на Хитровском пер., д. 2/8, корп. 5.
Выдача техники и ключей от компьютерных классов: Абрамов Роман Сергеевич, начальник Отдела мультимедийного производства Департамента медиа Факультета коммуникаций,",keep
124,22,Заказ аудиторий и техники для проведения занятий и мероприятий — Справочник учебного процесса НИУ ВШЭ — Национальный исследовательский университет «Высшая школа экономики»,studyspravka_zakaz_bb4afd685b.txt,https://www.hse.ru/studyspravka/zakaz,web,documents,5,"на Хитровском пер., д. 2/8, корп. 5.
Выдача техники и ключей от компьютерных классов: Абрамов Роман Сергеевич, начальник Отдела мультимедийного производства Департамента медиа Факультета коммуникаций, медиа и дизайна, внутр. тел.: 22383, rsabramov@hse.ru, abramovrs@gmail.com, комната 207 в здании на Хитровском пер., д. 2/8, корп. 5.
Кластер ""Строгино""
(Таллинская ул., д.34)
МИЭМ
Выдача техники для преподавателей организованна на стойке ресепшн на 3 эт. учебного корпуса ежедневно с понедельника по субботу с 8.45 до 19.45.
Ответственные сотрудники: Афонина Любовь Михайловна (пн, чт), внутр.тел.: *15114, *15142, Черкасов Вадим Сергеевич (вт, пт), внутр.тел.: *15117, Осокин Владимир Сергеевич (ср, сб), тел.: 8-917-569-26-60
(М.Трехсвятительский пер., 8/2, стр.1)
Выдача техники: С-113, самообслуживание. Ключ от С-113 можно получить на вахте, но предварительно должна быть оформлена служебная записка на имя Протасова Н.Д.
АУЗ № 12
(Усачева ул., д.6)
Факультет математики
Бронирование аудиторий, компьютерных классов, заказ и выдача техники:
Нипан Марина Евгеньевна, комн.219,тел.: (495) 772-95-90 *12718,
mnipan@hse.ru
Полезные ссылки
Инструкция подключения проектора к ноутбуку
Не нашли",keep
125,24,Плагиат в письменных работах студентов — Справочник учебного процесса НИУ ВШЭ — Национальный исследовательский университет «Высшая школа экономики»,studyspravka_plagiat_0874b14343.txt,https://www.hse.ru/studyspravka/plagiat,web,documents,1,"ГИА
Обучение лиц с инвалидностью и ОВЗ
Академическим руководителям
Учебным, цифровым ассистентам и консультантам
Разработчикам новых образовательных программ НИУ ВШЭ
Плагиат в письменных работах студентов
Процедура проверки письменных учебных работ студентов на плагиат в НИУ ВШЭ регулируется
Регламентом организации проверки письменных учебных работ на наличие плагиата, использования генеративных моделей и размещения выпускных квалификационных работ обучающихся по программам бакалавриата, специалитета и магистратуры на корпоративном сайте (портале) НИУ ВШЭ
Что относится к письменным работам?
К письменным учебным работам относятся все письменные работы, выполняемые обучающимися в ходе текущего, промежуточного и итогового контроля знаний в соответствии с программой учебной дисциплины, а также в ходе итоговой аттестации. Они включают домашние задания, рефераты, эссе, контрольные работы, письменные работы, выполняемые на экзаменах, курсовые и выпускные квалификационные работы.
Все учебные работы должны выполняться обучающимися самостоятельно — это регламентируется
Правилами внутреннего распорядка обучающихся НИУ ВШЭ
Что такое плагиат?
Плагиат — это использование в письменной работе",keep
126,24,Плагиат в письменных работах студентов — Справочник учебного процесса НИУ ВШЭ — Национальный исследовательский университет «Высшая школа экономики»,studyspravka_plagiat_0874b14343.txt,https://www.hse.ru/studyspravka/plagiat,web,documents,2,"ные работы должны выполняться обучающимися самостоятельно — это регламентируется
Правилами внутреннего распорядка обучающихся НИУ ВШЭ
Что такое плагиат?
Плагиат — это использование в письменной работе чужого текста или иного объекта авторских прав, опубликованного в бумажном или электронном виде, без полной ссылки (без указания имени автора и источника заимствования) или со ссылками, но так, что объем и характер заимствований ставят под сомнение самостоятельность выполненной работы или одного из ее основных разделов.
Существует три вида плагиата:
дословное изложение чужого текста;
полное использование иного объекта авторских прав;
парафраз – изложение чужого текста с заменой слов и выражений без изменения содержания заимствованного текста.
За нарушения академических норм применяются следующие меры дисциплинарных взысканий:
замечание;
выговор;
отчисление.
Отчисление как мера дисциплинарного взыскания может применяться к обучающемуся по инициативе университета в случае, если обучающийся допустил нарушения академических норм как до выхода на итоговую аттестацию, так и после выхода на итоговую аттестацию, в том числе во время проведения защиты ВКР.
Особенности и процедура применения",keep
127,24,Плагиат в письменных работах студентов — Справочник учебного процесса НИУ ВШЭ — Национальный исследовательский университет «Высшая школа экономики»,studyspravka_plagiat_0874b14343.txt,https://www.hse.ru/studyspravka/plagiat,web,documents,3,"ся допустил нарушения академических норм как до выхода на итоговую аттестацию, так и после выхода на итоговую аттестацию, в том числе во время проведения защиты ВКР.
Особенности и процедура применения дисциплинарных взысканий описаны в
Правилах внутреннего распорядка обучающихся НИУ ВШЭ
О проверке на плагиат
В НИУ ВШЭ
обязательными
к проверке на плагиат относятся следующие работы: курсовые работы, выпускные квалификационные работы и текст предзащиты ВКР на английском языке (Project Proposal).
Проверка на плагиат осуществляется посредством загрузки работы в установленные образовательной программой / факультетом. Требования к формату и названию загружаемого файла, составлению аннотации к ВКР, порядок размещения аннотаций и полного текста ВКР в электронном виде на портале НИУ ВШЭ доступны в
Регламенте организации проверки письменных учебных работ на наличие плагиата, использования генеративных моделей и размещения выпускных квалификационных работ обучающихся по программам бакалавриата, специалитета и магистратуры на корпоративном сайте (портале) НИУ ВШЭ
Проверка на плагиат письменных домашних заданий, рефератов, эссе, контрольных работ с целью оценки уровня заимствований",keep
128,24,Плагиат в письменных работах студентов — Справочник учебного процесса НИУ ВШЭ — Национальный исследовательский университет «Высшая школа экономики»,studyspravka_plagiat_0874b14343.txt,https://www.hse.ru/studyspravka/plagiat,web,documents,4,"калавриата, специалитета и магистратуры на корпоративном сайте (портале) НИУ ВШЭ
Проверка на плагиат письменных домашних заданий, рефератов, эссе, контрольных работ с целью оценки уровня заимствований осуществляется
по желанию
преподавателя
Студенты могут использовать технологии генеративных моделей (текста, программного кода, изображения и прочее) в процессе выполнения учебных работ (письменных или устных) с обязательным указанием их использования и описанием этого:
При загрузке
курсовых
выпускных квалификационных
работ в общеуниверситетские сервисы, студент обязан заявить о целях использования ИИ с указанием конкретной технологии и оценки успешности ее применения в специальных полях.
Инструкция по загрузке работ
содержит описание того, как и где именно
студент должен сообщить об использовании искусственного интеллекта
. Система проверки работ на недопустимые заимствования использует плагин для распознавания сгенерированных текстов.
В иных видах учебных работ, при использовании генеративных моделей при написании работ, студент/ группа студентов обязан сопроводить задание специальным разделом «Описание применения генеративной модели» с описанием целей применения, названия",keep
129,24,Плагиат в письменных работах студентов — Справочник учебного процесса НИУ ВШЭ — Национальный исследовательский университет «Высшая школа экономики»,studyspravka_plagiat_0874b14343.txt,https://www.hse.ru/studyspravka/plagiat,web,documents,5,"нии генеративных моделей при написании работ, студент/ группа студентов обязан сопроводить задание специальным разделом «Описание применения генеративной модели» с описанием целей применения, названия конкретной модели, адреса ее сайта в интернете (либо описания иного источника модели), и способа ее применения. Преподаватель может поставить оценку “0” за работу, в которой он усматривает признаки применения ИИ без отдельного уведомления студента об этом в своей работе. Либо, если использование ИИ было явно запрещено преподавателем.
Использование генеративных моделей без указания на это установленным образом является нарушением академических норм.
В случае выявления несоответствия загруженного в систему студентом файла ВКР представленному им на защиту тексту ВКР к студенту применяется дисциплинарное взыскание за нарушение академических норм в написании письменных учебных работ в установленном в НИУ ВШЭ порядке.
Отчисление как мера дисциплинарного взыскания может применяться к обучающемуся по инициативе университета в случае, если обучающийся допустил нарушения академических норм как до выхода на итоговую аттестацию, так и после выхода на итоговую аттестацию, в том числе до и во",keep
130,24,Плагиат в письменных работах студентов — Справочник учебного процесса НИУ ВШЭ — Национальный исследовательский университет «Высшая школа экономики»,studyspravka_plagiat_0874b14343.txt,https://www.hse.ru/studyspravka/plagiat,web,documents,6,"ющемуся по инициативе университета в случае, если обучающийся допустил нарушения академических норм как до выхода на итоговую аттестацию, так и после выхода на итоговую аттестацию, в том числе до и во время проведения защиты выпускной квалификационной работы.
Порядок организации проверки КР, ВКР и Предзащит ВКР студентов на плагиат
1. Студент в установленный приказом срок, но не позднее 7 рабочих дней до назначенной даты защиты ВКР, должен:
проверить информацию о себе и о научном руководителе (и соруководителе - при наличии);
проверить название темы на русском и английском языках в соответствии с приказом об утверждении тем КР/ВКР и установлении срока предоставления итогового варианта КР/ВКР;
загрузить итоговый файл КР/ВКР с наименованием, состоящим из ФИО студента и названия работы;
заполнить поля, предназначенные для аннотации на русском и английском языках (не более 4000 знаков);
подтвердить оригинальность работы и то, что студент проинформирован о том, что нарушение правил цитирования и указания ссылок, отсутствие упоминания об использовании генеративных моделей при условии их применения рассматривается как как нарушение академических норм в соответствии с Правилами",keep
131,24,Плагиат в письменных работах студентов — Справочник учебного процесса НИУ ВШЭ — Национальный исследовательский университет «Высшая школа экономики»,studyspravka_plagiat_0874b14343.txt,https://www.hse.ru/studyspravka/plagiat,web,documents,7,"вил цитирования и указания ссылок, отсутствие упоминания об использовании генеративных моделей при условии их применения рассматривается как как нарушение академических норм в соответствии с Правилами внутреннего распорядка обучающихся НИУ ВШЭ;
поставить отметку и заполнить информацию об использовании искусственного интеллекта или подтвердить, что генеративные модели не применялись;
отразить свое отношение к публикации полной версии текста ВКР на портале НИУ ВШЭ.
2. Информация о работах,
доля оригинальности которых составляет менее 80%
или при написании которых выявлено незадекларированное использование генеративных моделей, направляется менеджером программы на имя академического руководителя образовательной программы не позднее чем за 5 рабочих дней до назначенной даты защиты ВКР.
Окончательное решение о правомерности использования заимствований и генеративных моделей
в работах студентов принимает руководитель работы
на основании отчета из корпоративной системы Антиплагиат, собственного объема знаний по предметной области, информации об актуальных публикациях по теме письменной работы. Он также вправе использовать для принятия решения другие инструменты, позволяющие проверить",keep
132,24,Плагиат в письменных работах студентов — Справочник учебного процесса НИУ ВШЭ — Национальный исследовательский университет «Высшая школа экономики»,studyspravka_plagiat_0874b14343.txt,https://www.hse.ru/studyspravka/plagiat,web,documents,8,"венного объема знаний по предметной области, информации об актуальных публикациях по теме письменной работы. Он также вправе использовать для принятия решения другие инструменты, позволяющие проверить письменную работу на плагиат и незадекларированное применение генеративных моделей.
3. Если руководитель ВКР принял решение о наличии в тексте плагиата или незадекларированного использования генеративных моделей, он оформляет служебную записку на имя академического руководителя ОП не позднее чем за 5 рабочих дней до назначенной даты защиты ВКР.
При отсутствии служебных записок от руководителей письменных работ студентов, включенных в отчет работ доля оригинальности которых составляет менее 80% или при написании которых выявлено незадекларированное использование генеративных моделей, академический руководитель запрашивает руководителей письменных работ студентов о причинах признания выявленных признаков плагиата допустимыми не позднее 3 рабочих дней до назначенной даты защиты ВКР.
4. Студенты-авторы ВКР, в отношении которых выявлены нарушения академических норм, не допускаются к процедуре защиты ВКР и к ним применяются меры дисциплинарного взыскания в порядке, установленном
При",keep
133,24,Плагиат в письменных работах студентов — Справочник учебного процесса НИУ ВШЭ — Национальный исследовательский университет «Высшая школа экономики»,studyspravka_plagiat_0874b14343.txt,https://www.hse.ru/studyspravka/plagiat,web,documents,9,"4. Студенты-авторы ВКР, в отношении которых выявлены нарушения академических норм, не допускаются к процедуре защиты ВКР и к ним применяются меры дисциплинарного взыскания в порядке, установленном
При наличии неточностей в информации студент должен сообщить менеджеру своей образовательной программы о некорректной информации, которую сотрудник корректирует в течение двух рабочих дней
Доступ к сервису и техподдержка
Как пользоваться системой антиплагиат преподавателям и студентам можно прочитать
По вопросам доступа к системе необходимо обращаться на
линию технической поддержки
Регламент организации проверки письменных учебных работ на наличие плагиата, использования генеративных моделей и размещения выпускных квалификационных работ обучающихся по программам бакалавриата, специалитета и магистратуры на корпоративном сайте (портале) НИУ ВШЭ
Декларация этических принципов создания и использования систем искусственного интеллекта в НИУ ВШЭ
Правила внутреннего распорядка обучающихся НИУ ВШЭ
Нашли
опечатку
Цифры и факты
Руководство и структура
Устойчивое развитие в НИУ ВШЭ
Преподаватели и сотрудники
Корпуса и общежития
Закупки
Обращения граждан в НИУ ВШЭ
Сведения о доходах, расходах, об",keep
134,27,Особенности ГИА — Справочник учебного процесса НИУ ВШЭ — Национальный исследовательский университет «Высшая школа экономики»,studyspravka_gia_invalid_57e2385159.txt,https://www.hse.ru/studyspravka/gia_invalid,web,documents,1,"ГИА
Обучение лиц с инвалидностью и ОВЗ
Академическим руководителям
Учебным, цифровым ассистентам и консультантам
Разработчикам новых образовательных программ НИУ ВШЭ
Особенности ГИА
Если Вы нуждаетесь в индивидуальных условиях проведения ГИА, необходимо не позднее, чем за 3 месяца до начала проведения ГИА написать письменное заявление с описанием необходимых условий на имя академического руководителя в учебный офис образовательной программы.
В заявлении указывается необходимость (при наличии таковой):
замены формы прохождения ГИА испытания (устная / письменная);
присутствия технического ассистента на государственном экзамене / защите диплома;
предоставления дополнительных технических средств или специального программного обеспечения;
увеличения продолжительности сдачи гос. экзамена / защиты диплома.
Продолжительность государственного аттестационного испытания может быть увеличена:
госэкзамен (в письменной форме) — не более чем на 90 минут;
подготовка к ответу на гос. экзамене (в устной форме) — не более чем на 20 минут;
выступление студента при защите ВКР — не более чем на 15 минут.
‍К заявлению нужно приложить копию медицинских документов, которые будут являться основанием",keep
135,28,Порядок организации и проведения апелляций по результатам государственных аттестационных испытаний (ГИА) — Справочник учебного процесса НИУ ВШЭ — Национальный исследовательский университет «Высшая школа экономики»,studyspravka_GIA-apellacia_c98e84c080.txt,https://www.hse.ru/studyspravka/GIA-apellacia,web,documents,1,"ГИА
Обучение лиц с инвалидностью и ОВЗ
Академическим руководителям
Учебным, цифровым ассистентам и консультантам
Разработчикам новых образовательных программ НИУ ВШЭ
Порядок организации и проведения апелляций по результатам государственных аттестационных испытаний (ГИА)
Студент НИУ ВШЭ имеет право подать апелляцию по результататам
. Регламент работы апелляционной комиссии (АК) публикуется на сайте образовательной программы не позднее, чем за шесть месяцев до начала ГИА, а состав Апелляционной комиссии и порядок подачи апелляций — не позднее, чем за 30 календарных дней до дня проведения первого государственного аттестационного испытания.
Алгоритм действий
Ознакомьтесь с основаниями для апелляции
Основаниями для апелляции могут являться:
нарушение, по мнению студента, установленной процедуры проведения государственного экзамена или защиты ВКР;
несогласие студента с результатами государственного экзамена
* Не относится к защите ВКР
Подайте заявление на апелляцию
Апелляция подается в виде письменного мотивированного заявления секретарю Апелляционной комиссии (АК) посредством отправки соответствующего заявления с корпоративного адреса электронной почты
не позднее следующего рабочего",keep
136,28,Порядок организации и проведения апелляций по результатам государственных аттестационных испытаний (ГИА) — Справочник учебного процесса НИУ ВШЭ — Национальный исследовательский университет «Высшая школа экономики»,studyspravka_GIA-apellacia_c98e84c080.txt,https://www.hse.ru/studyspravka/GIA-apellacia,web,documents,2,"иде письменного мотивированного заявления секретарю Апелляционной комиссии (АК) посредством отправки соответствующего заявления с корпоративного адреса электронной почты
не позднее следующего рабочего дня
после объявления результатов государственного аттестационного испытания.
Порядок подачи апелляции, включая информацию о секретаре АК и его контактных данных размещается на странице образовательной программы.
Примите участие в апелляционной комиссии
Апелляция рассматривается
не позднее
двух рабочих дней
со дня подачи апелляционного заявления на заседании АК.
Заседание проводится в офлайн-формате или в дистанционном формате. На заседание приглашаются председатель локальной ГЭК и студент, подавший апелляцию. Также, по решению председателя АК на заседание АК может быть приглашен представитель Студенческого совета факультета, не являющийся студентом выпускного курса.
Заседание АК может проводиться в отсутствие студента, подавшего апелляцию, в случае его неявки на заседание АК.
Получите информацию о результатах апелляционной комиссии
Решение апелляционной комисии (в виде протокола) будет направлено секретарем апелляционной комиссии по электронной почте в течение 3 рабочих дней со дня",keep
137,28,Порядок организации и проведения апелляций по результатам государственных аттестационных испытаний (ГИА) — Справочник учебного процесса НИУ ВШЭ — Национальный исследовательский университет «Высшая школа экономики»,studyspravka_GIA-apellacia_c98e84c080.txt,https://www.hse.ru/studyspravka/GIA-apellacia,web,documents,3,"информацию о результатах апелляционной комиссии
Решение апелляционной комисии (в виде протокола) будет направлено секретарем апелляционной комиссии по электронной почте в течение 3 рабочих дней со дня заседания.
Вам будет сообщено:
об отклонении апелляции, если изложенные в ней сведения не подтвердились и (или) не повлияли на результат государственного аттестационного испытания;
либо
об удовлетворении апелляции, если изложенные в ней сведения подтвердились и повлияли на результат государственного аттестационного испытания.
Обязательно ознакомьтесь с решением апелляционной комисии, отправив ответное письмо секретарю АК не позднее следующего рабочего дня с момента получения письма с протоколом от секретаря АК.
При отсутствии ответного письма будет оформлен акт об отказе от ознакомления.
Пройдите повторное испытание (если результаты испытания были аннулированы)
Повторное испытание проводится только в случае принятия решения АК об аннулировании ранее полученного результата и аналогично проведению заседания ГЭК. Повторное государственное аттестационное испытание проводится в сроки, установленные образовательной программой, но до даты окончания учебного процесса, зафиксированной в",keep
138,29,Порядок повторного прохождения государственных аттестационных испытаний (ГИА) — Справочник учебного процесса НИУ ВШЭ — Национальный исследовательский университет «Высшая школа экономики»,studyspravka_GIA-povtor_930774882b.txt,https://www.hse.ru/studyspravka/GIA-povtor,web,documents,1,"ГИА
Обучение лиц с инвалидностью и ОВЗ
Академическим руководителям
Учебным, цифровым ассистентам и консультантам
Разработчикам новых образовательных программ НИУ ВШЭ
Порядок повторного прохождения государственных аттестационных испытаний (ГИА)
Повторные государственные аттестационные испытания для одного лица не могут назначаться более двух раз
За прохождение ГИА плата не взимается
Если отчислен за нарушение Правил внутреннего распорядка / неисполнение условий договора
Восстановление возможно только на коммерческое место и
не ранее, чем в следующем учебном году
с даты начала учебного периода (модуля/семестра), в котором был издан приказ об отчислении, и
не позднее, чем через пять лет после срока проведения ГИА
, которая не пройдена студентом впервые.
Восстановление возможно только на коммерческое место.
Если отчислен по собственной инициативе / обстоятельствам, не зависящим от воли студента
В случае отсутствия вакантных мест с бюджетной основой, и наличия вакантных мест с коммерческой основой, студент имеет право восстановиться на место с коммерческой основой
Восстановление возможно
в течение пяти лет с даты отчисления при наличии свободных мест
и с сохранением прежних условий",keep
139,29,Порядок повторного прохождения государственных аттестационных испытаний (ГИА) — Справочник учебного процесса НИУ ВШЭ — Национальный исследовательский университет «Высшая школа экономики»,studyspravka_GIA-povtor_930774882b.txt,https://www.hse.ru/studyspravka/GIA-povtor,web,documents,2,"ской основой, студент имеет право восстановиться на место с коммерческой основой
Восстановление возможно
в течение пяти лет с даты отчисления при наличии свободных мест
и с сохранением прежних условий обучения, но
не ранее завершения учебного года
(семестра),
в котором был отчислен
Если отчислен за непрохождение ГИА
К причинам отчисления за непрохождение ГИА относятся:
получение неудовлетворительной оценки;
неявка без уважительной причины;
недопуск к защите ВКР в связи с непредставлением в установленный срок по неуважительной причине ВКР.
Восстановление для повторного прохождения ГИА возможно только на место с коммерческой основой и в сроки, определенные для проведения ГИА студентов выпускного курса, н
не ранее, чем через 10 месяцев, и не позднее, чем через пять лет после срока проведения ГИА
Перенос ГИА из-за неявки по уважительной причине
Студент вправе пройти ГИА
в течение шести месяцев после завершения ГИА
(начиная с даты завершения ГИА, установленной календарным учебным графиком).
Студент, не прошедший одно государственное аттестационное испытание по уважительной причине, допускается к сдаче следующего государственного аттестационного испытания (при его наличии).
Что нужно",keep
140,29,Порядок повторного прохождения государственных аттестационных испытаний (ГИА) — Справочник учебного процесса НИУ ВШЭ — Национальный исследовательский университет «Высшая школа экономики»,studyspravka_GIA-povtor_930774882b.txt,https://www.hse.ru/studyspravka/GIA-povtor,web,documents,3,"ом).
Студент, не прошедший одно государственное аттестационное испытание по уважительной причине, допускается к сдаче следующего государственного аттестационного испытания (при его наличии).
Что нужно сделать для восстановления
Для восстановления необходимо подать личное заявление через
электронный сервис
ЕЛК
с указанием желаемой даты восстановления.
Если хочется сменить тему ВКР
Можно установить иную тему выпускной квалификационной работы и (или) заменить руководителя ВКР.
При необходимости подготовки ВКР, отчисленный студент может претендовать на данную услугу, оплачивая ее отдельно в соответствии с договором об оказании платных образовательных услуг. Такой договор может быть заключен в любое время, но не позднее срока восстановления студента.
Если не прошел ГИА повторно
Студент, не прошедший ГИА без уважительной причины в период повторного проведения ГИА, отчисляется из НИУ ВШЭ как не выполнивший обязанности по добросовестному освоению образовательной программы и выполнению учебного плана, и ему выдается справка об обучении или о периоде обучения.
Если не явился на повторное прохождение ГИА
Если в период повторного проведения ГИА студент в течение шести месяцев после",keep
141,30,Отчисление студентов НИУ ВШЭ — Справочник учебного процесса НИУ ВШЭ — Национальный исследовательский университет «Высшая школа экономики»,studyspravka_otch_f2541771ed.txt,https://www.hse.ru/studyspravka/otch,web,documents,1,"ГИА
Обучение лиц с инвалидностью и ОВЗ
Академическим руководителям
Учебным, цифровым ассистентам и консультантам
Разработчикам новых образовательных программ НИУ ВШЭ
Отчисление студентов НИУ ВШЭ
В каких случаях студент может быть отчислен из Высшей школы экономики?
Студент отчисляется в следующих случаях:
В связи с получением образования (завершением обучения)
Досрочно, по следующим основаниям:
По собственному желанию
В том числе в связи с переводом в другую образовательную организацию. Отчисление по собственной инициативе производится не позднее 7 дней с момента подачи студентом заявки через
электронный сервис заявлений
По обстоятельствам, не зависящим от воли студента и университета
В том числе случаях:
депортации иностранного студента;
заключения студента под стражу, отбывания им наказания в исправительных учреждениях;
при иных обстоятельствах студента, делающих невозможным продолжение обучения в университете
По инициативе университета
при применении к студенту меры дисциплинарного взыскания - отчисления;
в случае нарушения студентом обязанностей по
добросовестному освоению программы и выполнению учебного плана
в частности, студент, получивший академические задолженности по",keep
142,30,Отчисление студентов НИУ ВШЭ — Справочник учебного процесса НИУ ВШЭ — Национальный исследовательский университет «Высшая школа экономики»,studyspravka_otch_f2541771ed.txt,https://www.hse.ru/studyspravka/otch,web,documents,2,"ного взыскания - отчисления;
в случае нарушения студентом обязанностей по
добросовестному освоению программы и выполнению учебного плана
в частности, студент, получивший академические задолженности по итогам промежуточной аттестации до пересдач в течение одного учебного полугодия по трем и более дисциплинам, подлежит отчислению по инициативе университета за недобросовестное освоение образовательной программы
при неисполнении условий договора об оказании платных образовательных услуг.
Что такое добросовестное освоение образовательной программы
Студент должен добросовестно осваивать образовательную программу (ОП) и выполнять учебный план:
выполнять учебный план ОП и свой ИУП;
посещать занятия по дисциплинам ИУП по их расписанию;
консультироваться с преподавателями и ассистентами (при возникновении трудностей);
отсутствие академических задолженностей или наличие академических задолженностей не более чем по двум разным элементам учебного плана до периода пересдач;
самостоятельная подготовка к занятиям в соответствии с программами учебных дисциплин (в том числе изучение литературы и содержания иных ресурсов, предусмотренных в ПУД), выполнение заданий, данных преподавателями в рамках",keep
143,30,Отчисление студентов НИУ ВШЭ — Справочник учебного процесса НИУ ВШЭ — Национальный исследовательский университет «Высшая школа экономики»,studyspravka_otch_f2541771ed.txt,https://www.hse.ru/studyspravka/otch,web,documents,3,"товка к занятиям в соответствии с программами учебных дисциплин (в том числе изучение литературы и содержания иных ресурсов, предусмотренных в ПУД), выполнение заданий, данных преподавателями в рамках освоения элементов ПУД, прохождение элементов контроля.
Качество учебной деятельности (КУД)
С 1 марта 2024 г. в отношении каждого студента по итогам сессий, организуемых в соответствии с графиком учебного процесса и учебным планом образовательной программы, учебным офисом рассчитывается показатель качества учебной деятельности (КУД).
Студенты, КУД которых превышает критическое значение (с учетом отнесения студента к отдельной категории и наличия или отсутствия повтора критической ситуации), подлежат отчислению как не выполняющие обязанности по добросовестному освоению образовательной программы и выполнению учебного плана.
Подробная информация на
странице
Может ли студент быть отчислен во время болезни, академического отпуска, отпуска по беременности и родам, отпуска по уходу за ребёнком до достижения им возраста 3-х лет?
В этот период не допускается отчисление студента как мера дисциплинарного взыскания.
(действует c 01.09.2025)
Нашли
опечатку
Цифры и факты
Руководство и",keep
144,31,Восстановление студентов — Справочник учебного процесса НИУ ВШЭ — Национальный исследовательский университет «Высшая школа экономики»,studyspravka_vosst_f965ad77ae.txt,https://www.hse.ru/studyspravka/vosst,web,documents,1,"ограммы.
Студенты, не завершившие освоение образовательной программы в полном объеме
Подать заявление о восстановлении на обучение в НИУ ВШЭ для студентов,
не завершивших освоение ОП в полном объеме
, возможно в пределах
5-ти лет со дня отчисления
, но не ранее:
Сроки
Причина отчисления
Начала учебного модуля
, следующего за истечением одного календарного года с даты отчисления студента
при отчислении в дисциплинарном порядке за нарушение ПВРО, Правил общежития НИУ ВШЭ
Начала следующего учебного года
при отчислении в случае просрочки оплаты образовательных услуг
Начала следующего семестра
при отчислении студента по иным основаниям (например, по собственному желанию, по инициативе НИУ ВШЭ за недобросовестное освоение образовательной программы)
Начало периода обучения (модуля, семестра, учебного года) – промежуток времени, который определяется в соответствии с графиком учебного процесса в пределах 10 (десяти) дней, исчисляемых с первого дня периода обучения
При наличии задолженности по оплате обучения, только при условии полного погашения задолженности
Студенты, завершившие освоение образовательной программы в полном объеме (для прохождения ГИА)
завершивших освоение ОП в полном",keep
145,31,Восстановление студентов — Справочник учебного процесса НИУ ВШЭ — Национальный исследовательский университет «Высшая школа экономики»,studyspravka_vosst_f965ad77ae.txt,https://www.hse.ru/studyspravka/vosst,web,documents,2,"и по оплате обучения, только при условии полного погашения задолженности
Студенты, завершившие освоение образовательной программы в полном объеме (для прохождения ГИА)
завершивших освоение ОП в полном объеме (для прохождения ГИА)
, но не ранее чем через 10 месяцев после срока проведения ГИА.
Предельно возможная дата восстановления студента для прохождения ГИА (в том числе для повторной ГИА), определяется академическим руководителем ОП, при этом период восстановления для ГИА не может быть установлен ранее, чем за месяц и позднее, чем за 5 рабочих дней до начала первого государственного аттестационного испытания, запланированного в ближайший период ГИА по ОП.
Иные ограничения при восстановлении
Не допускается восстановление студента, предусмотренное с начала периода обучения (модуля, семестра, учебного года), если заявка о восстановлении поступила позднее 10 дней, исчисляемых с первого дня периода обучения.
При отсутствии вакантного платного места бывший студент может подать мотивированное заявление об открытии дополнительного платного места для восстановления. Решение принимает декан факультета.
Если основанием для отчисления студента из НИУ ВШЭ прямо или косвенно послужили",keep
146,31,Восстановление студентов — Справочник учебного процесса НИУ ВШЭ — Национальный исследовательский университет «Высшая школа экономики»,studyspravka_vosst_f965ad77ae.txt,https://www.hse.ru/studyspravka/vosst,web,documents,3,"ивированное заявление об открытии дополнительного платного места для восстановления. Решение принимает декан факультета.
Если основанием для отчисления студента из НИУ ВШЭ прямо или косвенно послужили опасные дисциплинарные проступки, то решение о возможности восстановить студента принимает специально создаваемая комиссия, состав комиссии утверждается приказом проректора.
Восстановление на бюджетное место
Восстановление на вакантное бюджетное место возможно при одновременном выполнении следующих условий:
до отчисления студент обучался на бюджетном месте;
студент был отчислен по собственной инициативе (инициативе родителей (законных представителей) несовершеннолетнего студента) или по обстоятельствам, не зависящим от воли обучающегося или родителей (законных представителей) несовершеннолетнего обучающегося и НИУ ВШЭ;
имеется вакантное бюджетное место на образовательной программе.
Если вакантных бюджетных мест нет на момент восстановления, студент может принять решение о будущем обучении на платном месте.
Бывший студент, до отчисления обучавшийся на платном месте, финансируемом за счет средств НИУ ВШЭ, может восстановиться только на вакантное платное место (при наличии),",keep
147,31,Восстановление студентов — Справочник учебного процесса НИУ ВШЭ — Национальный исследовательский университет «Высшая школа экономики»,studyspravka_vosst_f965ad77ae.txt,https://www.hse.ru/studyspravka/vosst,web,documents,4,"ущем обучении на платном месте.
Бывший студент, до отчисления обучавшийся на платном месте, финансируемом за счет средств НИУ ВШЭ, может восстановиться только на вакантное платное место (при наличии), финансирование обучения из собственных средств университета в этом случае не возобновляется.
Восстановление для последующего перевода на другую образовательную программу возможно только в сроки перевода, установленные образовательной программой и при наличии вакантных мест (бюджетных/платных) на интересующей программе и при соблюдении сроков восстановления.
Подробная информация доступна
по ссылке
Принятие решения о восстановлении
При положительном решении о восстановлении:
● Студенту на платном месте направляется договор об образовании. В течение трех дней после исполнения студентом денежных обязательств менеджер образовательной программы готовит приказ о восстановлении студента;
● Студенту на бюджетном месте менеджер образовательной программы готовит проект приказа о восстановлении в течение трех рабочих дней после согласования ИУП.
При отрицательном решении менеджер ОП разъясняет студенту причины отказа и консультирует о возможных вариантах продолжения обучения.
Процедура",keep
148,32,Сервис «Завершение обучения» — Справочник учебного процесса НИУ ВШЭ — Национальный исследовательский университет «Высшая школа экономики»,studyspravka_theend_43bd606e6a.txt,https://www.hse.ru/studyspravka/theend,web,documents,1,"ГИА
Обучение лиц с инвалидностью и ОВЗ
Академическим руководителям
Учебным, цифровым ассистентам и консультантам
Разработчикам новых образовательных программ НИУ ВШЭ
Сервис «Завершение обучения»
Для студентов, завершающих обучение, доступен сервис «Завершение обучения» в
ЯУчусь
(istudy.hse.ru), позволящий:
производить сверку и согласование предварительного и итогового макетов Приложения к диплому государственного образца и
Приложения на английском языке
Диплому НИУ ВШЭ
сверять отсутствие задолженностей по библиотеке (наличие книг, выданных на руки);
контролировать выполнение финансовых обязательств (
оплату
за обучение и проживание в общежитии);
подать заявку на предоставление
последипломных каникул
предоставить согласие на
перезачет отдельных модулей
и получение документа/-ов о квалификации, установленного НИУ ВШЭ образца.
Согласование макетов диплома и Приложений к Диплому НИУ ВШЭ
При согласовании макета диплома необходимо:
проверить правильность написания персональных данных;
проверить правильность указания перечня дисциплин и полученных оценок;
указать факультативно изученные дисциплины, которые необходимо включить в приложение к диплому;
согласовать сведения, которые по",keep
149,32,Сервис «Завершение обучения» — Справочник учебного процесса НИУ ВШЭ — Национальный исследовательский университет «Высшая школа экономики»,studyspravka_theend_43bd606e6a.txt,https://www.hse.ru/studyspravka/theend,web,documents,2,"проверить правильность указания перечня дисциплин и полученных оценок;
указать факультативно изученные дисциплины, которые необходимо включить в приложение к диплому;
согласовать сведения, которые по желанию студента вносятся в раздел 5 «Дополнительные сведения» приложения к диплому.
Диплом о высшем образовании выдается
не позднее 8 рабочих дней
после даты завершения
, в том числе студентам, находящимся на последипломных каникулах.
Перезачет отдельных модулей и получение документа/-ов о квалификации, установленного НИУ ВШЭ образца
Выпускникам бакалавриата и специалитета доступен перезачет результатов освоения следующих модулей:
Независимый экзамен по английскому языку
, Культура работы с данными (
Data Culture
), Дополнительный модуль (
Майнор
), и
Микроквалификация
, в качестве результатов программ повышения квалификации или профессиональной переподготовки.
Документы о квалификации будут оформлены в электронном виде, подписаны электронной цифровой подписью и разосланы по электронной почте после проведения процедуры перезачета.
Для оформления перезачета и получения документов о дополнительной квалификации, установленного НИУ ВШЭ образца, необходимо
согласие на",keep
150,32,Сервис «Завершение обучения» — Справочник учебного процесса НИУ ВШЭ — Национальный исследовательский университет «Высшая школа экономики»,studyspravka_theend_43bd606e6a.txt,https://www.hse.ru/studyspravka/theend,web,documents,3,"осланы по электронной почте после проведения процедуры перезачета.
Для оформления перезачета и получения документов о дополнительной квалификации, установленного НИУ ВШЭ образца, необходимо
согласие на перезачет
отдельных модулей и получение документа/-ов о квалификации, установленного НИУ ВШЭ образца.
Предоставление последипломных каникул после завершения ГИА
При необходимости, в сервисе «Завершение обучения» студент может подать заявку на предоставление
Продолжительность каникул определяется
графиком учебного процесса текущего учебного года
. В 2025/2026 уч. году каникулы предоставляются
до 11 августа 2026 года
Студент может заявить о желании взять последипломные каникулы в
меньшем объеме
, чем это разрешено в графике учебного процесса.
Лица,
выразившие согласие
на предоставление им каникул (последипломного отпуска), сохраняют статус студентов. Студентам, обучающимся за счет средств федерального бюджета и получающим стипендию, выплата стипендии продлевается на весь каникулярный срок. Студенты, проживающие в общежитии, сохраняют это право до окончания каникул (отчисления).
Студенты,
не выразившие согласие
на предоставление каникул, после успешного прохождения ГИА, подлежат",keep
151,34,Курсовая работа — Справочник учебного процесса НИУ ВШЭ — Национальный исследовательский университет «Высшая школа экономики»,studyspravka_kursovrab_b6ea385e9b.txt,https://www.hse.ru/studyspravka/kursovrab,web,documents,1,"ГИА
Обучение лиц с инвалидностью и ОВЗ
Академическим руководителям
Учебным, цифровым ассистентам и консультантам
Разработчикам новых образовательных программ НИУ ВШЭ
Курсовая работа
Курсовая работа является обязательной частью
практической подготовки
студентов НИУ ВШЭ.
Порядок подготовки и защиты курсовой работы студентами, обучающимися по программам подготовки бакалавров и специалистов в НИУ ВШЭ, реализуется согласно
Порядку оформления курсовых и выпускных квалификационных работ
(Приложение 8 к
Положению о практической подготовке студентов
Насколько важно соблюдать сроки выбора темы курсовой работы?
В соответствии с
Порядком оформления курсовых и выпускных квалификационных работ
студент обязан выбрать в установленные факультетом сроки тему курсовой работы.
В 2025/2026 учебном году установлены следующие сроки исполнения
Этап подготовки
Ответственный
за этап подготовки курсовой работы/ ВКР
Сроки исполнения
Первая волна выбора предложенных тем курсовых работ и ВКР студентами / Инициативное предложение тем студентами
студенты / академический руководитель ОП
С 31 октября до 18 ноября
текущего учебного года
Отбор поступивших заявок на предложенные темы курсовых работ и ВКР первой",keep
152,34,Курсовая работа — Справочник учебного процесса НИУ ВШЭ — Национальный исследовательский университет «Высшая школа экономики»,studyspravka_kursovrab_b6ea385e9b.txt,https://www.hse.ru/studyspravka/kursovrab,web,documents,2,"циативное предложение тем студентами
студенты / академический руководитель ОП
С 31 октября до 18 ноября
текущего учебного года
Отбор поступивших заявок на предложенные темы курсовых работ и ВКР первой волны
преподаватели и научные работники при помощи административных сотрудников департаментов и научных подразделений, проектных менеджеров факультета
Вторая волна выбора тем курсовых работ и ВКР, либо инициативное предложение тем студентами, все поданные заявки которых оказались отклонены
студент/ академический руководитель ОП/ преподаватели и научные работники при помощи административных сотрудников департаментов и научных подразделений, проектных менеджеров факультета
С 19 ноября до 28 ноября
Отбор поступивших заявок на предложенные темы курсовых работ и ВКР второй волны
С 19 ноября до 2 декабря
Согласование заявок студентов Академическими руководителями
академические руководители ОП
С 31 октября до 5 декабря
Проверка наличия утвержденных руководителями тем курсовых работ и ВКР у студентов
учебный офис ОП
С 8 декабря до 12 декабря
Утверждение тем курсовых работ в ИУПах студентов
Не позднее 12 декабря
Студентам, не выбравшим в установленные сроки тему и руководителя КР, тема и",keep
153,34,Курсовая работа — Справочник учебного процесса НИУ ВШЭ — Национальный исследовательский университет «Высшая школа экономики»,studyspravka_kursovrab_b6ea385e9b.txt,https://www.hse.ru/studyspravka/kursovrab,web,documents,3,"студентов
учебный офис ОП
С 8 декабря до 12 декабря
Утверждение тем курсовых работ в ИУПах студентов
Не позднее 12 декабря
Студентам, не выбравшим в установленные сроки тему и руководителя КР, тема и руководитель назначаются в течение 10 (десяти) рабочих дней по окончании установленных сроков в соответствии с Положением об организации промежуточной аттестации и текущего контроля успеваемости студентов НИУ ВШЭ (
ПОПАТКУС
* В отдельных случаях ОП может устанавливать свои периоды предложения и выбора тем КР. С более подробной информацией можно ознакомиться в программе практики на сайте ОП или уточнить в учебном офисе.
Что будет, если не сдать курсовую работу в установленный срок?
Невыполнение работы в установленный факультетом срок считается академической задолженностью и учитывается в расчете показателя качества учебной деятельности (КУД). Подробнее о
расчете КУД
и ликвидации задолженности — в
Каков порядок ликвидации академической задолженности по курсовой работе?
Академическая задолженность по курсовой работе наступает в случае:
невыполнения работы в установленный факультетом срок (работа не сдана в установленном порядке и (или) не загружена в соответствующую систему);
выявления",keep
154,34,Курсовая работа — Справочник учебного процесса НИУ ВШЭ — Национальный исследовательский университет «Высшая школа экономики»,studyspravka_kursovrab_b6ea385e9b.txt,https://www.hse.ru/studyspravka/kursovrab,web,documents,4,"лженность по курсовой работе наступает в случае:
невыполнения работы в установленный факультетом срок (работа не сдана в установленном порядке и (или) не загружена в соответствующую систему);
выявления в работе заимствований, ставящих под сомнение самостоятельность выполнения работы (следствием может быть дисциплинарное взыскание в виде отчисления);
получения неудовлетворительной оценки, неявки на защиту (если таковая была назначена) без
уважительной причины
Как и любая задолженность, она может быть ликвидирована в соответствии с
Может ли студент предложить собственную тему работы? Может ли студент писать курсовую работу у научного руководителя, работающего в подразделении (кафедре, департаменте), не относящимся к его специализации? Должно ли подразделение обязательно относиться к факультету, на котором обучается студент?
Студент имеет право предложить инициативную тему курсовой работы, разумеется, придерживаясь срока выбора темы, указанного в программе практики его ОП. Нет запретов и на выбор руководителя работы, в т.ч. представляющего другой департамент/подразделение. Необходимо предложить тему курсовой работы, предлагаемого руководителя и обоснование выбора в соответствующей",keep
155,34,Курсовая работа — Справочник учебного процесса НИУ ВШЭ — Национальный исследовательский университет «Высшая школа экономики»,studyspravka_kursovrab_b6ea385e9b.txt,https://www.hse.ru/studyspravka/kursovrab,web,documents,5,"в и на выбор руководителя работы, в т.ч. представляющего другой департамент/подразделение. Необходимо предложить тему курсовой работы, предлагаемого руководителя и обоснование выбора в соответствующей цифровой системе университета.
Может ли студент изменить тему курсовой работы?
Может – в соответствии с
Порядком оформления курсовых и выпускных квалификационных работ.
С этой целью нужно написать личное заявление на имя руководителя факультета с кратким обоснованием своей просьбы. На заявлении необходимо поставить визы руководителя курсовой работы и академического руководителя. Завизированное заявление передается в учебный офис, который вносит соответствующие изменения. Необходимо помнить, что заявление должно быть подано в учебный офис не позднее, чем за
один календарный месяц
до установленного срока представления итогового варианта курсовой работы.
Может ли студент заменить руководителя курсовой работы?
. Необходимо написать личное заявление на имя декана факультета с кратким обоснованием своей просьбы. Декан имеет право отклонить просьбу студента о замене руководителя, аргументировав свое решение. В случае согласия завизированное заявление передается в учебный офис. Необходимо",keep
156,34,Курсовая работа — Справочник учебного процесса НИУ ВШЭ — Национальный исследовательский университет «Высшая школа экономики»,studyspravka_kursovrab_b6ea385e9b.txt,https://www.hse.ru/studyspravka/kursovrab,web,documents,6,"ованием своей просьбы. Декан имеет право отклонить просьбу студента о замене руководителя, аргументировав свое решение. В случае согласия завизированное заявление передается в учебный офис. Необходимо помнить, что заявление должно быть подано в учебный офис не позднее, чем за
Какова процедура оценивания курсовой работы?
В соответствии с установленными в программе практики ОП правилами оценивание работы может проходить в 2-х формах:
руководитель проверяет работу, выставляет оценку в экзаменационную ведомость и доводит ее до сведения студента;
организуется обязательная защита работы студентом.
Допустимо ли использование текста собственной курсовой работы при написании ВКР?
Написание ВКР на основе курсовой работы в общем случае допустимо. В соответствии с
Регламентом организации проверки письменных учебных работ на наличие плагиата, использования генеративных моделей и размещения выпускных квалификационных работ обучающихся
, решение о правомерности использования заимствований принимает научный руководитель — именно он должен помочь сделать окончательный вывод о возможности использования текста своей курсовой работы при написании ВКР.
Помимо этого, чтобы избежать самоплагиата,",keep
157,34,Курсовая работа — Справочник учебного процесса НИУ ВШЭ — Национальный исследовательский университет «Высшая школа экономики»,studyspravka_kursovrab_b6ea385e9b.txt,https://www.hse.ru/studyspravka/kursovrab,web,documents,7,"нимает научный руководитель — именно он должен помочь сделать окончательный вывод о возможности использования текста своей курсовой работы при написании ВКР.
Помимо этого, чтобы избежать самоплагиата, воспроизведения собственной работы студента, выполненной ранее, в том числе на другом языке или в соавторстве, необходимо корректно указать ссылку на нее в качестве источника.
Куда необходимо загрузить курсовую работу?
Итоговый вариант курсовой работы необходимо загрузить в систеу поддержки обучения в установленный вашей ОП срок.
Инструкция по загрузке работ
описывает необходимый алгоритм действий по загрузке работы — обязательно ознакомьтесь с ним заранее, до загрузки своей работы.
Как курсовая работа будет проверяться на плагиат и использование ИИ?
Курсовая работа в обязательном порядке проверяется на оригинальность и использование генеративных моделей — при загрузке система определит, каков процент неоригинального и сгенерированного текста в представленной работе. Окончательное решение о правомерности использования заимствований и ИИ принимает руководитель курсовой работы.
Студент, в работе которого был обнаружен плагиат или незадекларированное использование ИИ, может быть",keep
158,34,Курсовая работа — Справочник учебного процесса НИУ ВШЭ — Национальный исследовательский университет «Высшая школа экономики»,studyspravka_kursovrab_b6ea385e9b.txt,https://www.hse.ru/studyspravka/kursovrab,web,documents,8,"е решение о правомерности использования заимствований и ИИ принимает руководитель курсовой работы.
Студент, в работе которого был обнаружен плагиат или незадекларированное использование ИИ, может быть отчислен.
Подробнее про плагиат
Подробнее про ИИ
Использование генеративных моделей без указания на это установленным образом является нарушением академических норм. Если для написания работы студент использовал искусственный интеллект, то он обязан сообщить об этом и дополнительно указать цели использования, конкретную используемую технологию, и оценку успешности ее применения — подробнее о декларировании в
инструкции по загрузке работ
Программа практики конкретной образовательной программы (публикуется на сайте образовательной программы в разделе ""Студентам"" — ""Практическая подготовка""
Положение о практической подготовке студентов основных образовательных программ высшего образования – программ бакалавриата, специалитета и магистратуры НИУ ВШЭ
Приложение 8. Порядок оформления курсовых и выпускных квалификационных работ НИУ ВШЭ
к Положению о практической подготовке студентов основных образовательных программ высшего образования – программ бакалавриата, специалитета и магистратуры",keep
159,36,"Выход из академического отпуска, отпуска по беременности и родам и уходу за ребенком для обучающихся НИУ ВШЭ — Справочник учебного процесса НИУ ВШЭ — Национальный исследовательский университет «Высшая школа экономики»",studyspravka_return_academ_4988846261.txt,https://www.hse.ru/studyspravka/return_academ,web,academic_leave,1,"ГИА
Обучение лиц с инвалидностью и ОВЗ
Академическим руководителям
Учебным, цифровым ассистентам и консультантам
Разработчикам новых образовательных программ НИУ ВШЭ
Выход из академического отпуска, отпуска по беременности и родам и уходу за ребенком для обучающихся НИУ ВШЭ
Навигация страницы
Плановый выход
Досрочный выход
Допуск к занятиям
Формирование ИУП
Допуск и перевод на другую ОП
Полезные ссылки
Академический отпуск, отпуск по беременности и родам и уходу за ребенком
Отчисление
Восстановление
Плановый выход после окончания отпуска
Студент допускается к учебному процессу с даты, следующей за датой окончания отпуска, указанной в приказе о предоставлении отпуска.
Подавать заявление для планового выхода из отпуска не требуется
Студенту направляется уведомление на корпоративную электронную почту за 10 (десять) календарных дней до окончания срока отпуска о дате, с которой необходимо приступить к занятиям, о расписании занятий на первую неделю и об особенностях допуска к учебному процессу.
Уведомление
предусматривает форму обратной связи
о готовности студента приступить к занятиям по истечении срока, на который был предоставлен отпуск.
Студент имеет возможность запросить",keep
160,36,"Выход из академического отпуска, отпуска по беременности и родам и уходу за ребенком для обучающихся НИУ ВШЭ — Справочник учебного процесса НИУ ВШЭ — Национальный исследовательский университет «Высшая школа экономики»",studyspravka_return_academ_4988846261.txt,https://www.hse.ru/studyspravka/return_academ,web,academic_leave,2,"бному процессу.
Уведомление
предусматривает форму обратной связи
о готовности студента приступить к занятиям по истечении срока, на который был предоставлен отпуск.
Студент имеет возможность запросить продление академического отпуска через форму обратной связи, описав причины.
Если после завершения отпуска студент
не приступил
к освоению образовательной программы, в том числе не посещает учебные занятия, предусмотренные индивидуальным учебным планом, то он
подлежит отчислению
за невыполнение обязанностей по добросовестному освоению образовательной программы и выполнению учебного плана с дня, следующим за днем завершения академического отпуска.
Досрочный выход из отпуска
Для досрочного завершения отпуска необходимо:
Подать
электронное заявление
о выходе из отпуска до окончания периода времени, на который он был предоставлен, через
единый сервис заявлений
в едином личном кабинете (ЕЛК).
Дождаться выпуска приказа о допуске обучающегося к учебному процессу.
Приступить к освоению образовательной программы, посещая учебные занятия, предусмотренные индивидуальным учебным планом.
При подаче студентом заявления о досрочном выходе из отпуска он может быть допущен к учебному процессу не",keep
161,36,"Выход из академического отпуска, отпуска по беременности и родам и уходу за ребенком для обучающихся НИУ ВШЭ — Справочник учебного процесса НИУ ВШЭ — Национальный исследовательский университет «Высшая школа экономики»",studyspravka_return_academ_4988846261.txt,https://www.hse.ru/studyspravka/return_academ,web,academic_leave,3,"зовательной программы, посещая учебные занятия, предусмотренные индивидуальным учебным планом.
При подаче студентом заявления о досрочном выходе из отпуска он может быть допущен к учебному процессу не ранее начала учебного модуля, следующего за учебным модулем, в котором студент ушел в отпуск, при условии, что фактическая продолжительность отпуска составила не менее двух месяцев.
При положительном решении
о досрочном выходе из отпуска студенту на платном месте направляется дополнительное соглашение к договору об образовании. В течение трех рабочих дней после исполнения студентом денежных обязательств по дополнительному соглашению к договору об образовании менеджер ОП готовит приказ о выходе из отпуска, который подписывается проректором.
При отрицательном решении
, принятом по итогам рассмотрения заявки о досрочном выходе из отпуска, менеджер ОП разъясняет студенту причины отказа и консультирует о возможных вариантах продолжения обучения/ рекомендуемых сроках выхода из отпуска.
Для студента, выходящего из отпуска для обучения на бюджетном месте, менеджер ОП в течение трех рабочих дней после согласования ИУП готовит проект приказа о выходе из отпуска.
Особенности допуска к занятиям",keep
162,36,"Выход из академического отпуска, отпуска по беременности и родам и уходу за ребенком для обучающихся НИУ ВШЭ — Справочник учебного процесса НИУ ВШЭ — Национальный исследовательский университет «Высшая школа экономики»",studyspravka_return_academ_4988846261.txt,https://www.hse.ru/studyspravka/return_academ,web,academic_leave,4,"удента, выходящего из отпуска для обучения на бюджетном месте, менеджер ОП в течение трех рабочих дней после согласования ИУП готовит проект приказа о выходе из отпуска.
Особенности допуска к занятиям после окончания отпуска при наличии академических задолженностей
Если у студента на момент предоставления отпуска были академические причины для отчисления, то при выходе из отпуска образовательные отношения прекращаются по инициативе НИУ ВШЭ, кроме случаев, когда:
студенту по дисципилинам с академическими задолженностями были зачтены положительные оценки по дополнительным результатам обучения (при наличии) в установленном в НИУ ВШЭ порядке;
студент, обучавшийся на бюджетном месте, заключил договор об образовании для продолжения обучения на платной основе.
Если перед уходом в академический отпуск студент
полностью завершил
изучение дисциплин (или других элементов образовательной программы), но не прошел по ним промежуточную аттестацию (не сдал экзамен) или не использовал все попытки пересдачи, то после выхода из отпуска применяются следующие правила:
Основное правило
: в ближайшую сессию/ ближайший период пересдач проходит промежуточную аттестацию/ пересдачи экзаменов без повторного",keep
163,36,"Выход из академического отпуска, отпуска по беременности и родам и уходу за ребенком для обучающихся НИУ ВШЭ — Справочник учебного процесса НИУ ВШЭ — Национальный исследовательский университет «Высшая школа экономики»",studyspravka_return_academ_4988846261.txt,https://www.hse.ru/studyspravka/return_academ,web,academic_leave,5,"есдачи, то после выхода из отпуска применяются следующие правила:
Основное правило
: в ближайшую сессию/ ближайший период пересдач проходит промежуточную аттестацию/ пересдачи экзаменов без повторного прослушивания этих дисциплин или прохождения иных элементов ОП
Исключения
Если по этим дисциплинам студенту уже были зачтены положительные оценки по дополнительным результатам обучения (при наличии) в установленном в НИУ ВШЭ порядке;
Если студент заключил договор и оплатил договор по части ОП, изъявив желание повторно прослушать эти дисциплины или элементы ОП.
Формирование индивидуального учебного плана (ИУП) после выхода из отпуска
При выходе из академического отпуска ИУП формируется с учетом следующего:
В ИУП
не включаются
дисциплины, по которым уже состоялись элементы текущего контроля — они должны быть запланированы в будущие периоды формирования ИУП.
Студент может обратиться к академическому руководителю с ходатайством о включении таких дисциплины в текущий ИУП. При этом, в своем обращении студенту необходимо подтвердить, что он:
Осознает, что преподаватель
не обязан
предоставлять студенту отдельные задания или организовывать пересдачу пропущенных элементов текущего",keep
164,36,"Выход из академического отпуска, отпуска по беременности и родам и уходу за ребенком для обучающихся НИУ ВШЭ — Справочник учебного процесса НИУ ВШЭ — Национальный исследовательский университет «Высшая школа экономики»",studyspravka_return_academ_4988846261.txt,https://www.hse.ru/studyspravka/return_academ,web,academic_leave,6,"м, в своем обращении студенту необходимо подтвердить, что он:
Осознает, что преподаватель
не обязан
предоставлять студенту отдельные задания или организовывать пересдачу пропущенных элементов текущего контроля;
Готов к тому, что
пропущенные элементы не будут учтены
при выставлении итоговой оценки, которая будет определяться на основании тех форм контроля, в которых студент успеет принять участие.
В ситуации, когда в текущем учебном периоде по плану образовательной программы нет ни одной подходящей для включения дисциплины, студент:
Использует время до начала следующего учебного периода для
самообразования
Может принимать участие в
свободных элементах практической подготовки
(если они предусмотрены учебным планом).
Выход из отпуска и перевод на другую образовательную программу
Для выхода из отпуска с последующим переводом необходимо подать заявку через единый сервис заявлений в ЕЛК.
Заявка на допуск из отпуска и перевод согласуется менеджером ОП, по которой ранее обучался студент.
Выход из отпуска для прохождения ГИА
Подробная информация опубликована в
справочнике учебного процесса
Приказ Министерства образования и науки Российской Федерации «Об утверждении Порядка и оснований",keep
165,37,Индивидуальный учебный план (ИУП) — Справочник учебного процесса НИУ ВШЭ — Национальный исследовательский университет «Высшая школа экономики»,studyspravka_plan_bb3f29ffe3.txt,https://www.hse.ru/studyspravka/plan,web,documents,1,"ля освоения в этот период.
Как ознакомиться со своим ИУП
Ваш ИУП доступен в
электронной зачетке
НИУ ВШЭ.
кроме случаев cпециального ИУПа, который составляется при некоторых событиях — его учебный офис образовательной программы согласует отдельно
Как формируется ИУП
ИУП содержит:
– обязательные элементы, которые назначаются в соответствии с
учебным планом образовательной программы
студента — его можно найти на сайте программы в разделе «Документы образовательной программы»;
вариативные
элементы, которые студент самостоятельно добавляет в план: элективные дисциплины в
кампанию по выбору
(на платформе Траектория (
SmartWay
) и элементы
практической подготовки
(ЭПП; на Ярмарке ЭПП (
SmartPro
– дисциплины, которые студент может также изучать сверх стандартного объема образовательной программы:
общеуниверситетские факультативы
модули микроквалификации
дисциплины с повторным освоением
Когда ИУП считается согласованным студентом
Для выбора элементов вариативной части образовательной программы, перед началом каждого семестра организуются
кампании по выбору дисциплин
По истечении трех рабочих дней после окончания кампании, если студент не обратился в свой учебный офис в случае обнаружения",keep
166,37,Индивидуальный учебный план (ИУП) — Справочник учебного процесса НИУ ВШЭ — Национальный исследовательский университет «Высшая школа экономики»,studyspravka_plan_bb3f29ffe3.txt,https://www.hse.ru/studyspravka/plan,web,documents,2,"мы, перед началом каждого семестра организуются
кампании по выбору дисциплин
По истечении трех рабочих дней после окончания кампании, если студент не обратился в свой учебный офис в случае обнаружения ошибок в записях ИУП, которые он видит в электронной зачетке, ИУП на период считается согласованным студентом.
Когда ИУП считается выполненным
ИУП считается выполненным, если успешно (без неудовлетворительных оценок) и не позднее указанного в ИУП срока пройдены промежуточные аттестации по всем входящим в него элементам.
Если по одному или двум основным элементам ИУП получены неудовлетворительные результаты, ИУП считается выполненным частично.
Как внести изменения в ИУП
Изменения в ИУП могут вноситься:
на основании личного заявления студента;
по инициативе учебного офиса образовательной программы с обязательным согласованием вносимых изменений со студентом;
по решению академического руководителя программы / академического наставника студента.
Корректировка ИУП (исключение
/ замена дисциплин) возможна в следующих случаях:
академической мобильности;
при переводе на ускоренное обучение, в том числе при зачете ранее изученных в НИУ ВШЭ или в иных образовательных организациях дисциплин,",keep
167,37,Индивидуальный учебный план (ИУП) — Справочник учебного процесса НИУ ВШЭ — Национальный исследовательский университет «Высшая школа экономики»,studyspravka_plan_bb3f29ffe3.txt,https://www.hse.ru/studyspravka/plan,web,documents,3,"иплин) возможна в следующих случаях:
академической мобильности;
при переводе на ускоренное обучение, в том числе при зачете ранее изученных в НИУ ВШЭ или в иных образовательных организациях дисциплин, входящих в ИУП;
при принятии академическим руководителем положительного решения об исключении или о замене одного или нескольких элементов ИУП;
при отсутствии возможности у обучающегося осваивать ИУП в предлагаемых технологиях обучения;
при особых обстоятельствах (как правило непреодолимой силы, включая внезапное отсутствие преподавателя; изменение эпидемиологической ситуации и прочее), связанных с невозможностью университета в целом реализовывать те или иные элементы ИУП или реализовывать их в предлагаемых технологиях.
* исключение из ИУП элементов, по которым была проведена промежуточная аттестация, не допускается.
Корректировка ИУП после согласования также возможна: студент имеет право отказаться от выбранной дисциплины, подав заявление через электронную форму, если прошло не более десяти рабочих дней после начала занятий по этой дисциплине. И включить в ИУП другую дисциплину при соблюдении этого же правила 10 рабочих дней от начала.
В каких случаях студенту оформляется",keep
168,37,Индивидуальный учебный план (ИУП) — Справочник учебного процесса НИУ ВШЭ — Национальный исследовательский университет «Высшая школа экономики»,studyspravka_plan_bb3f29ffe3.txt,https://www.hse.ru/studyspravka/plan,web,documents,4,"не более десяти рабочих дней после начала занятий по этой дисциплине. И включить в ИУП другую дисциплину при соблюдении этого же правила 10 рабочих дней от начала.
В каких случаях студенту оформляется специальный ИУП
Специальный ИУП (СпецИУП) готовится студенту индивидуально на основании его личного заявления в следующих ситуациях:
при
переводе студента НИУ ВШЭ с одной образовательной программы на другую внутри университета
восстановлении студента
, отчисленного ранее из НИУ ВШЭ;
при выходе из
академического отпуска
переводе в НИУ ВШЭ студентов других вузов
при получении параллельно второго высшего образования;
при переводе студента на ускоренное обучение;
при участии студента НИУ ВШЭ в программе
академической мобильности
для
повторного изучения дисциплин
для ликвидации академических задолженностей.
Регламент планирования и организации дисциплин вариативной части основных образовательных программ НИУ ВШЭ
(действует c 01.09.2025)
Порядок расчета стоимости обучения по договорам об образовании за счет средств физического и (или) юридического лица при реализации программ высшего образования в НИУ ВШЭ
Нашли
опечатку
Цифры и факты
Руководство и структура
Устойчивое развитие в НИУ",keep
169,39,Отдельные категории студентов — Справочник учебного процесса НИУ ВШЭ — Национальный исследовательский университет «Высшая школа экономики»,studyspravka_spec_categ_4eae2c4d9e.txt,https://www.hse.ru/studyspravka/spec_categ,web,documents,1,"ГИА
Обучение лиц с инвалидностью и ОВЗ
Академическим руководителям
Учебным, цифровым ассистентам и консультантам
Разработчикам новых образовательных программ НИУ ВШЭ
Отдельные категории студентов
К отдельной категории относятся группы обучающихся, чьи исходные образовательные возможности или особенности их положения могут влиять на темпы и результаты освоения ими образовательных программ.
К отдельным категориям студентов относятся:
студенты с инвалидностью и/или ограниченными возможностями здоровья
студенты, относящиеся к категории детей-сирот, детей, оставшихся без попечения родителей, лиц из числа детей-сирот и детей, оставшихся без попечения родителей, лиц, потерявших в период обучения обоих или единственного родителя
студенты – участники СВО
или близкие родственники участников СВО
*Участниками специальной военной операции признаются лица, принимающие (принимавшие) участие в специальной военной операции (содействовавшие выполнению задач либо направлявшиеся для обеспечения выполнения задач в ходе специальной военной операции) на территориях Донецкой Народной Республики, Луганской Народной Республики и Украины с 24.02.2022, на территориях Запорожской области и Херсонской области",keep
170,39,Отдельные категории студентов — Справочник учебного процесса НИУ ВШЭ — Национальный исследовательский университет «Высшая школа экономики»,studyspravka_spec_categ_4eae2c4d9e.txt,https://www.hse.ru/studyspravka/spec_categ,web,documents,2,"ия задач в ходе специальной военной операции) на территориях Донецкой Народной Республики, Луганской Народной Республики и Украины с 24.02.2022, на территориях Запорожской области и Херсонской области с 30.09.2022 и представившие справку о подтверждении факта участия в специальной военной операции, выданную по форме, установленной Правительством Российской Федерации
**Близкими родственниками участника специальной военной операции для целей применения Положения (Порядка, Регламента и т.д.) признаются супруг (супруга) участника специальной военной операции, его дети, в том числе усыновленные, родители (усыновители), полнородные и неполнородные братья и сестры, представившие документ (-ы), подтверждающий (-е) факт заключения брака, родства или усыновления, и справку, выданную члену семьи участника специальной военной операции по форме, установленной Правительством Российской Федерации
студенты-граждане иностранных государств
студенты из числа лиц, на которых в год поступления в НИУ ВШЭ распространялись особенности проведения государственной итоговой аттестации по образовательным программам среднего общего образования и приема на обучение в образовательные организации высшего",keep
171,39,Отдельные категории студентов — Справочник учебного процесса НИУ ВШЭ — Национальный исследовательский университет «Высшая школа экономики»,studyspravka_spec_categ_4eae2c4d9e.txt,https://www.hse.ru/studyspravka/spec_categ,web,documents,3,"НИУ ВШЭ распространялись особенности проведения государственной итоговой аттестации по образовательным программам среднего общего образования и приема на обучение в образовательные организации высшего образования, предусмотренные статьей 5 Федерального закона от 17.02.2023 № 19-ФЗ «Об особенностях правового регулирования отношений в сферах образования и науки в связи с принятием в Российскую Федерацию Донецкой Народной Республики, Луганской Народной Республики, Запорожской области, Херсонской области и о внесении изменений в отдельные законодательные акты Российской Федерации».
Особенности обучения студентов отдельной категории
Для студентов отдельных категорий установлено повышенное критическое значение коэффициента учебной деятельности:
КУД=5
вместо стандартного КУД=2, которое применяется
только один раз
. Это позволяет им единовременно иметь до пяти академических задолженностей без риска отчисления.
Так, если КУД студента отдельной категории
впервые
превышает КУД=2 (например, КУД=3, КУД=4 или КУД=5), он сохраняет право на пересдачи и продолжение обучения. При КУД ≥ 6 следует
отчисление
за недобросовестное освоение образовательной программы с возможностью
восстановления
В",keep
172,39,Отдельные категории студентов — Справочник учебного процесса НИУ ВШЭ — Национальный исследовательский университет «Высшая школа экономики»,studyspravka_spec_categ_4eae2c4d9e.txt,https://www.hse.ru/studyspravka/spec_categ,web,documents,4,", КУД=3, КУД=4 или КУД=5), он сохраняет право на пересдачи и продолжение обучения. При КУД ≥ 6 следует
отчисление
за недобросовестное освоение образовательной программы с возможностью
восстановления
В случае повторного превышения критического порога для студентов отдельной категории действует уже стандартное значение (
КУД = 2
), на основании которого принимаются решения о дальнейшем обучении студента.
Подробнее про КУД
Также при переносе второй пересдачи дисциплины, ее повторное изучение предоставляется студентам отдельной категории
без изменений текущих условий обучения
, но только один раз за весь период обучения в университете
* Исключение: задолженность за невыбор ВКР
Подробнее про перенос
(действует c 01.09.2025)
Нашли
опечатку
Цифры и факты
Руководство и структура
Устойчивое развитие в НИУ ВШЭ
Преподаватели и сотрудники
Корпуса и общежития
Закупки
Обращения граждан в НИУ ВШЭ
Сведения о доходах, расходах, об имуществе и обязательствах имущественного характера
Лицей
Довузовская подготовка
Олимпиады
Прием в бакалавриат
Вышка+
Прием в магистратуру
Аспирантура
Образовательные партнерства
Научные подразделения
Исследовательские проекты
Мониторинги
Диссертационные советы
Защиты",keep
173,40,Начало учебы в НИУ ВШЭ-Москва — Справочник учебного процесса НИУ ВШЭ — Национальный исследовательский университет «Высшая школа экономики»,studyspravka_start_5d04e7cf49.txt,https://www.hse.ru/studyspravka/start,web,documents,1,"ГИА
Обучение лиц с инвалидностью и ОВЗ
Академическим руководителям
Учебным, цифровым ассистентам и консультантам
Разработчикам новых образовательных программ НИУ ВШЭ
Начало учебы в НИУ ВШЭ-Москва
НИУ ВШЭ-Москва
НИУ ВШЭ-Нижний Новгород
НИУ ВШЭ-Санкт-Петербург
НИУ ВШЭ-Пермь
Поздравляем с началом обучения в НИУ ВШЭ-Москва! Ниже приведена основная информация, которая будет полезна в самом начале обучения. Внимательно ознакомьтесь с ней, и влиться в учебу будет гораздо легче! Вот первые шаги, которые необходимо выполнить:
Подписать и сдать лист ознакомления с регламентами НИУ ВШЭ и согласие на обработку персональных данных
Изучите
локально-нормативные акты университета
. Распечатайте листы в одном экземпляре каждый, подпишите и сдайте в учебный офис своей образовательной программы.
✅ Согласие на обработку персональных данных
Для несовершеннолетних (18-)
(PDF, 624 Кб)
Для совершеннолетних (18+)
(PDF, 618 Кб)
✅ Лист ознакомления с уставом и основными локальными нормативными актами НИУ-ВШЭ
Лист ознакомления с ЛНА для студентов НИУ ВШЭ-Москва
(PDF, 1,34 Мб)
Получить студенческий билет
Для получения студенческого билета необходимо сдать фотографию 3х4 в учебный офис своей программы.
Также",keep
174,40,Начало учебы в НИУ ВШЭ-Москва — Справочник учебного процесса НИУ ВШЭ — Национальный исследовательский университет «Высшая школа экономики»,studyspravka_start_5d04e7cf49.txt,https://www.hse.ru/studyspravka/start,web,documents,2,"Лист ознакомления с ЛНА для студентов НИУ ВШЭ-Москва
(PDF, 1,34 Мб)
Получить студенческий билет
Для получения студенческого билета необходимо сдать фотографию 3х4 в учебный офис своей программы.
Также студентам доступен
электронный студенческий билет
в приложении «Госуслуги» в виде QR-кода. Он равнозначен бумажному документу и позволяет подтверждать статус студента для скидок или покупки льготных билетов. Уточните заранее там, куда собираетесь, можно ли использовать электронный студенческий билет.
Получить пропуск для прохода в здания Вышки
Получение пропусков в 2025-2026 уч. году осуществляется в порядке живой очереди.
Оформить пропуск можно в Бюро пропусков по адресу:
· Большой Трёхсвятительский переулок, дом 3 комн. №114
· Покровский бульвар, д.11, комн. Z-117, Z-101 Культурный центр
· Мясницкая, дом 11 комн. №116
График работы:
· Понедельник-пятница с 10.00 до 18:30
· Технический перерыв с 13.00 до 14.00
· Суббота, воскресенье – выходной
Для оформления электронного пропуска, при себе необходимо иметь:
· Студентам - студенческий билет или паспорт.
· Иностранным студентам - справку центра визово-миграционного сопровождения (Migration Service Certificate).
Подробная информация",keep
175,40,Начало учебы в НИУ ВШЭ-Москва — Справочник учебного процесса НИУ ВШЭ — Национальный исследовательский университет «Высшая школа экономики»,studyspravka_start_5d04e7cf49.txt,https://www.hse.ru/studyspravka/start,web,documents,3,"и себе необходимо иметь:
· Студентам - студенческий билет или паспорт.
· Иностранным студентам - справку центра визово-миграционного сопровождения (Migration Service Certificate).
Подробная информация по ссылке:
* Иностранным студентам до оформления пропуска необходимо получить расписку о сдаче копий миграционных документов в Центр визово-миграционного сопровождения иностранных граждан.
Активировать студенческую (корпоративную) электронную почту и Яндекс 360
Студенты ВШЭ обязаны пользоваться корпоративной почтой
@edu.hse.ru
, так как официальные коммуникации будут направлены на студенческий email, а не на личный. Также вам будут доступны
, которые пригодятся в обучении.
Краткая инструкция по использованию почты Яндекс 360 для студентов НИУ ВШЭ.
Получить читательский билет
Ознакомьтесь с правилами пользования библиотекой по
ссылке
Для получения читательского билета заполните
регистрационную форму
онлайн на сайте библиотеки (
ля регистрации Вам понадобится номер студенческого билета и адрес корпоративной почты НИУ ВШЭ). После отправки формы вы получите номер читательского билета, который будет доступен в приложении HSE App X.
Теперь можно оформить удаленный доступ к электронным",keep
176,40,Начало учебы в НИУ ВШЭ-Москва — Справочник учебного процесса НИУ ВШЭ — Национальный исследовательский университет «Высшая школа экономики»,studyspravka_start_5d04e7cf49.txt,https://www.hse.ru/studyspravka/start,web,documents,4,"а и адрес корпоративной почты НИУ ВШЭ). После отправки формы вы получите номер читательского билета, который будет доступен в приложении HSE App X.
Теперь можно оформить удаленный доступ к электронным ресурсам библиотеки, перейдя по
По всем вопросам обращайтесь
на горячую линию
библиотеки НИУ ВШЭ или пишите в соцсети библиотеки
Если вы хотите записаться на экскурсию по библиотеке или узнать о том, как искать информацию в печатных и электронных ресурсах, пишите по адресу library@hse.ru.
Оформить карту москвича для студента
Карта москвича необходима для льготного проезда в общественном транспорте. Она оформляется в многофункциональном центре Москвы (МФЦ)
Шаг 1:
Проверьте наличие своих данных на сайте Московского социального регистра
Проверка гражданина в реестре студентов/ординаторов/аспирантов
Шаг 2:
Пройдите регистрацию на портале
www.mos.ru
и подайте заявку на оформление карты москвича через личный кабинет. Срок рассмотрения заявления составляет
30 календарных дней.
Статус заявления можно отслеживать в личном кабинете или по
Если Вы – иностранный студент,
для оформления заявки на получение карты москвича необходимо оформить
СНИЛС (страховой номер индивидуального лицевого",keep
177,40,Начало учебы в НИУ ВШЭ-Москва — Справочник учебного процесса НИУ ВШЭ — Национальный исследовательский университет «Высшая школа экономики»,studyspravka_start_5d04e7cf49.txt,https://www.hse.ru/studyspravka/start,web,documents,5,"аявления можно отслеживать в личном кабинете или по
Если Вы – иностранный студент,
для оформления заявки на получение карты москвича необходимо оформить
СНИЛС (страховой номер индивидуального лицевого счета)
Заявление на изготовление СНИЛС подается лично в ближайшее отделение СФР (Социальный Фонд России) или МФЦ (Центр «Мои документы»).
При себе необходимо иметь:
документ удостоверяющий личность (паспорт или вид на жительство);
Нотариально заверенный перевод документа, удостоверяющего личность.
Список отделений СФР по г. Москве:
Список отделений МФЦ
Заказать справку об обучении и другие документы (при необходимости)
Справку о подтверждении факта обучения , а также другие документы (выписки из приказов, зачетки и проч.) можно заказать
в электронном сервисе центра сервиса «Студент»
Рекомендуем выбирать электронный формат получения - справка, подписанная электронной подписью, будет готова в личном кабинете в течение 15 минут!
* Для авторизациив
Едином личном кабинете (ЕЛК)
необходимо использовать корпоративную почту.
Встать на воинский учет
Студенты, граждане РФ, зачисленные по очной форме обучения на 1 курс, в соответствии с
Порядком воинского учета в НИУ ВШЭ
обязаны встать на",keep
178,40,Начало учебы в НИУ ВШЭ-Москва — Справочник учебного процесса НИУ ВШЭ — Национальный исследовательский университет «Высшая школа экономики»,studyspravka_start_5d04e7cf49.txt,https://www.hse.ru/studyspravka/start,web,documents,6,"мо использовать корпоративную почту.
Встать на воинский учет
Студенты, граждане РФ, зачисленные по очной форме обучения на 1 курс, в соответствии с
Порядком воинского учета в НИУ ВШЭ
обязаны встать на воинский учет
Втором отделе НИУ ВШЭ
Постановка на воинский учет
Для постановки на воинский учет в Университете в течение 5 (пяти) рабочих дней, после предоставления доступа в едином личном кабинете (ЕЛК) обучающегося, требуется направить заявку через сервис
«Отправка данных воинского учета» (сервис для обучающихся)
При направлении заявки необходимо прикреплять скан-копии всех страниц документов воинского учета:
удостоверения гражданина, подлежащего призыву на военную службу;
военный билет или справка взамен военного билета для военнообязанных студентов.
Если Вы освобождены от исполнения воинской обязанности по состоянию здоровья, направьте заявку для подтверждения своего статуса.
Получение справки об отсрочке
Для получения справки необходимо:
1. Встать на воинский учет в университете через сервис
2. Записаться в электронную очередь (ссылка будет доступна в сентябре 2025 г.) и дождаться приглашения во Второй отдел, которое поступит Вам на электронную корпоративную почту (ссылка",keep
179,40,Начало учебы в НИУ ВШЭ-Москва — Справочник учебного процесса НИУ ВШЭ — Национальный исследовательский университет «Высшая школа экономики»,studyspravka_start_5d04e7cf49.txt,https://www.hse.ru/studyspravka/start,web,documents,7,"ете через сервис
2. Записаться в электронную очередь (ссылка будет доступна в сентябре 2025 г.) и дождаться приглашения во Второй отдел, которое поступит Вам на электронную корпоративную почту (ссылка актуальна до конца ноября, далее приём ведётся в режиме живой очереди).
Если в течение 3 рабочих дней после заполнения формы Вам не пришло письмо с датой явки во Второй отдел НИУ ВШЭ (не забудьте проверить cпам), просим сообщить об этом на почту: 2otdel@hse.ru
3. Прибыть во Второй отдел, имея при себе приписное свидетельство и паспорт, для получения справки по форме Приложение № 4, подтверждающей Ваше право на отсрочку от призыва (для аспирантов выдаётся справка по форме Приложение № 5).
4. Отнести справку в военкомат, в котором Вы стоите на воинском учете для получения отсрочки.
Справка в первую очередь необходима студентам первого курса для получения отсрочки от призыва. Студенты старших курсов, уже получившие отсрочку от призыва, при вызове в военкомат подтверждают справкой свой статус обучающегося.
Где получить справку: г. Москва, ул. Космонавта Волкова, дом 18 (МЦД-2, платформа «Красный балтиец»), комн. 101, 107.
Когда получить справку: понедельник - пятница с 10:00 до 13:00, с",keep
180,40,Начало учебы в НИУ ВШЭ-Москва — Справочник учебного процесса НИУ ВШЭ — Национальный исследовательский университет «Высшая школа экономики»,studyspravka_start_5d04e7cf49.txt,https://www.hse.ru/studyspravka/start,web,documents,8,"ус обучающегося.
Где получить справку: г. Москва, ул. Космонавта Волкова, дом 18 (МЦД-2, платформа «Красный балтиец»), комн. 101, 107.
Когда получить справку: понедельник - пятница с 10:00 до 13:00, с 13.30 -16.30
ВАЖНО! Если у вас на руках повестка на ближайшие три рабочих дня, сотрудники Второго отдела примут вас без записи в электронную очередь
Дополнительная информация доступна по ссылке:
Отсрочка от призыва на военную службу
Полезная информация
Единый личный кабинет (
ЕЛК
)— это цифровая экосистема НИУ ВШЭ, интеллектуальная среда взаимодействия пользователей. Доступ в единый личный кабинет есть у всех вышкинцев. Здесь расположена «выразительная кнопка», социальные и административные сервисы для студентов. А ещё в личном кабинете можно управлять своими подписками на анонсы мероприятий университета, чтобы быть в курсе последних событий.
Цифровая учебная среда (
SmartLMS
) — это единое образовательное пространство НИУ ВШЭ, которое связывает всех участников учебного процесса. Преподаватели загружают туда материалы курсов, задания и проверочные работы, а студенты — свои домашние задания. Студенты могут авторизоваться по логину (login@edu.hse.ru) и паролю от корпоративной",keep
181,40,Начало учебы в НИУ ВШЭ-Москва — Справочник учебного процесса НИУ ВШЭ — Национальный исследовательский университет «Высшая школа экономики»,studyspravka_start_5d04e7cf49.txt,https://www.hse.ru/studyspravka/start,web,documents,9,"а. Преподаватели загружают туда материалы курсов, задания и проверочные работы, а студенты — свои домашние задания. Студенты могут авторизоваться по логину (login@edu.hse.ru) и паролю от корпоративной электронной почты.
Система поддержки обучения
LMS
— у каждого студента есть возможность получить персонифицированную информацию об окончательных оценках по дисциплинам (
электронная зачетная книжка
), заполнить
электронное портфолио студента
, пройти
студенческую оценку преподавания
(СОП) и
студенческую оценку качества управления образовательными программами
(СОКУОП).
РУЗ
— это централизованная система планирования расписания учебных занятий, которая даёт студентам и преподавателям возможность просматривать актуальное расписание их занятий и экзаменов. Также с помощью РУЗ можно искать свободные аудитории.
Мобильное приложение HSE App X
— мобильное приложение для каждого студента Вышки. Кроме быстрого доступа к просмотру расписания, рейтинга, оценок, приложение поможет тебе оплатить учёбу.
«Вышка.Навигация» — это подробный навигатор с картой по зданиям Высшей школы экономики. Мобильное приложение поможет не заблудиться в учебных корпусах. Скачать приложение можно в Google Play и App",keep
182,40,Начало учебы в НИУ ВШЭ-Москва — Справочник учебного процесса НИУ ВШЭ — Национальный исследовательский университет «Высшая школа экономики»,studyspravka_start_5d04e7cf49.txt,https://www.hse.ru/studyspravka/start,web,documents,10,"бу.
«Вышка.Навигация» — это подробный навигатор с картой по зданиям Высшей школы экономики. Мобильное приложение поможет не заблудиться в учебных корпусах. Скачать приложение можно в Google Play и App Store.
Информация для иностранных студентов
Обязательные процедуры по медицинскому освидетельствованию, дактилоскопии и фотографированию для иностранных обучающихся
С 29.12.2021 вступили в силу изменения в Федеральный закон «О правовом положении иностранных граждан в Российской Федерации». Новые положения устанавливают, что иностранные граждане, прибывающие в Россию на срок более 90 дней в т.ч. с целью обучения, должны проходить медицинское освидетельствование, дактилоскопическую регистрацию и фотографирование.
В отношении лиц, не прошедших установленные процедуры или прошедших их с нарушением срока, могут быть применены следующие санкции: административный штраф, сокращение срока пребывания иностранного гражданина в России.
В рамках договора о сотрудничестве с городской поликлиникой №5, иностранные студенты НИУ ВШЭ, поступившие на бюджетные места в рамках квоты Правительства Российской Федерации на обучение в 2024/25 учебном году, могут бесплатно пройти медицинское",keep
183,40,Начало учебы в НИУ ВШЭ-Москва — Справочник учебного процесса НИУ ВШЭ — Национальный исследовательский университет «Высшая школа экономики»,studyspravka_start_5d04e7cf49.txt,https://www.hse.ru/studyspravka/start,web,documents,11,"й поликлиникой №5, иностранные студенты НИУ ВШЭ, поступившие на бюджетные места в рамках квоты Правительства Российской Федерации на обучение в 2024/25 учебном году, могут бесплатно пройти медицинское освидетельствование иностранных граждан в указанной поликлинике по предварительной записи. Порядок регистрации на мед. освидетельствование будет размещен на
сайте
Центра визово-миграционного сопровождения иностранных граждан НИУ ВШЭ.
Контакты центра визово-миграционного сопровождения иностранных граждан
Адрес:
Москва, Покровский бульвар, д.11, корпус D, D007
Консультации предоставляются по
, либо на почте visa-registration@hse.ru.
Прием студентов ведется в помещении центра сервиса «Студент»
(для подачи и получения документов): с 10:00 до 18:00, понедельник – пятница по адресу Покровский бульвар, д.11, вход №5 (со стороны бульвара).
Телефон:
8 (495) 531-00-63 |
Электронная почта:
visa-registration@hse.ru |
Сайт:
Нашли
опечатку
Цифры и факты
Руководство и структура
Устойчивое развитие в НИУ ВШЭ
Преподаватели и сотрудники
Корпуса и общежития
Закупки
Обращения граждан в НИУ ВШЭ
Сведения о доходах, расходах, об имуществе и обязательствах имущественного характера
Лицей
Довузовская",keep
